...1,inspection_year,inspection_month1,borough,avg_prcp,avg_snow,avg_snwd,avg_tmin,avg_tmax,inspection_month,covid_yn,borough_monthly_cases
1,2012,1,Bronx,3.31894495412847,0,3.83669724770644,0.95889908256881,7.71,Jan,0,2180
2,2012,1,Brooklyn,3.51135755258127,0,1.8722753346081,0.394149139579367,7.88409177820267,Jan,0,2615
3,2012,1,Manhattan,2.87400778210116,0,4.37509727626461,-0.301245136186771,7.37463035019455,Jan,0,1285
4,2012,1,Queens,4.09318826868495,0,2.99148533585621,0.299621570482501,7.4314096499527,Jan,0,1057
5,2012,1,Staten Island,3.80254777070066,0,5.63375796178345,0.0845541401273927,7.47245222929936,Jan,0,628
6,2012,10,Bronx,2.22360764754779,0,0,12.0934330839567,18.4741687448047,Oct,0,4812
7,2012,10,Brooklyn,1.67661939440396,0,0,12.673898045228,18.8772709850518,Oct,0,2609
8,2012,10,Manhattan,1.98184829413714,0,0,12.2044385558132,18.3967538920172,Oct,0,3019
9,2012,10,Queens,2.63715083798881,0,0,12.5824953445065,18.7411545623836,Oct,0,1074
10,2012,10,Staten Island,2.79933333333333,0,0,12.8453333333333,18.5753333333333,Oct,0,150
11,2012,11,Bronx,2.77587088526673,5.9568552253118,0,2.89411952700543,8.94320869287314,Nov,0,3129
12,2012,11,Brooklyn,2.30140636565505,5.0829015544042,0,2.26994818652851,8.06328645447816,Nov,0,1351
13,2012,11,Manhattan,1.29013854930725,4.20863895680519,1.24694376528114,2.5836185819071,8.53406682966585,Nov,0,1227
14,2012,11,Queens,2.06018867924528,0,0,2.40490566037736,7.5922641509434,Nov,0,530
15,2012,11,Staten Island,2.55597014925373,0,0,2.8615671641791,9.05522388059701,Nov,0,268
16,2012,12,Bronx,2.70496057818657,0.292378449408682,0,3.22115637319317,9.49687910643888,Dec,0,3044
17,2012,12,Brooklyn,3.46107406107407,0.224640224640232,0,2.9025272025272,9.84598104598104,Dec,0,2849
18,2012,12,Manhattan,3.67396039603964,0.415841584158401,0,3.13521452145214,9.41534653465346,Dec,0,3030
19,2012,12,Queens,4.13161016949153,0.491525423728815,0,1.87737288135593,8.07957627118645,Dec,0,1180
20,2012,12,Staten Island,3.32535612535613,0.341880341880343,0,2.45783475783476,9.04957264957265,Dec,0,351
21,2012,2,Bronx,1.67244386713674,0,0,2.68910744108372,9.51352755613288,Feb,0,5389
22,2012,2,Brooklyn,1.25284426484302,0,0,2.48828100714952,9.3553621386385,Feb,0,3217
23,2012,2,Manhattan,2.11186063750927,0.00370644922164557,0,2.63587842846553,9.25737583395108,Feb,0,1349
24,2012,2,Queens,1.95459558823529,0.00306372549019612,0,3.09252450980392,9.51292892156863,Feb,0,1632
25,2012,2,Staten Island,1.46954545454546,0,0,2.19106060606061,9.13984848484848,Feb,0,660
26,2012,3,Bronx,0.843183300717539,0,0,5.10045662100457,14.6018482278757,Mar,0,4599
27,2012,3,Brooklyn,0.383686440677959,0,0,7.96935028248589,17.6806073446328,Mar,0,7080
28,2012,3,Manhattan,0.334166666666675,0,0,7.57002976190474,17.6593005952382,Mar,0,6720
29,2012,3,Queens,0.731719128329293,0,0,6.91569007263922,15.9846004842615,Mar,0,2065
30,2012,3,Staten Island,0.495371900826447,0,0,6.44595041322314,16.1838016528926,Mar,0,605
31,2012,4,Bronx,0.4976401179941,0,0,8.22666666666665,17.825191740413,Apr,0,1695
32,2012,4,Brooklyn,1.30812304016725,0,0,8.04987307749733,17.8002837091235,Apr,0,6697
33,2012,4,Manhattan,0.395883309615773,0,0,7.28796503354348,17.2518601341736,Apr,0,9838
34,2012,4,Queens,0.544780962682534,0,0,7.97122769064358,17.8200648999459,Apr,0,1849
35,2012,4,Staten Island,0.53465648854962,0,0,7.91007633587786,17.773893129771,Apr,0,655
36,2012,5,Bronx,6.03794002607562,0,0,14.2621251629726,20.9294654498044,May,0,1534
37,2012,5,Brooklyn,5.39366081229419,0,0,14.3269209659715,21.2114023051591,May,0,7288
38,2012,5,Manhattan,4.80673372154579,0,0,13.8378718898888,20.8026680783484,May,0,9445
39,2012,5,Queens,5.31927829955513,0,0,13.8029658922393,20.7760751359367,May,0,2023
40,2012,5,Staten Island,7.24485294117647,0,0,14.4371323529412,21.3191176470588,May,0,272
41,2012,6,Bronx,2.58053177106805,0,0,18.0073005858495,27.3406038756197,Jun,0,2219
42,2012,6,Brooklyn,3.12194937665265,0,0,16.7721445661755,25.5117365571087,Jun,0,7941
43,2012,6,Manhattan,3.84566420664204,0,0,16.5742773677737,25.0986008610086,Jun,0,6504
44,2012,6,Queens,3.02252985884905,0,0,16.7078175895765,25.7346362649294,Jun,0,1842
45,2012,6,Staten Island,3.208,0,0,16.092,24.2726666666667,Jun,0,300
46,2012,7,Bronx,3.20550216694928,0,0,21.3336348219333,30.3856604484643,Jul,0,5307
47,2012,7,Brooklyn,3.61323796548596,0,0,21.6779291553134,31.0675522252498,Jul,0,4404
48,2012,7,Manhattan,2.98233611966571,0,0,21.7067311922569,31.1210074791025,Jul,0,4546
49,2012,7,Queens,3.90182260024304,0,0,21.4543134872418,30.7060753341434,Jul,0,1646
50,2012,7,Staten Island,5.99771689497716,0,0,20.9237442922374,30.0041095890411,Jul,0,219
51,2012,8,Bronx,2.37653169387313,0,0,20.6667161331355,28.9279414882341,Aug,0,4717
52,2012,8,Brooklyn,2.99341846758352,0,0,20.3873035363458,28.8729371316306,Aug,0,4072
53,2012,8,Manhattan,2.86799396681748,0,0,20.4514932126697,28.6525188536953,Aug,0,3315
54,2012,8,Queens,2.70916398713827,0,0,20.525884244373,28.941077170418,Aug,0,1244
55,2012,8,Staten Island,1.72471910112359,0,0,20.6771535580524,28.8288389513109,Aug,0,267
56,2012,9,Bronx,3.41284662045061,0,0,16.0818240901213,24.3524263431543,Sep,0,4616
57,2012,9,Brooklyn,5.74470558503922,0,0,16.4100581248421,24.2464493303008,Sep,0,3957
58,2012,9,Manhattan,0.845508274231684,0,0,16.4303388494878,24.7776595744681,Sep,0,2538
59,2012,9,Queens,6.14428434197889,0,0,16.1420749279539,24.2096061479347,Sep,0,1041
60,2012,9,Staten Island,5.07116104868914,0,0,16.3913857677903,24.3179775280899,Sep,0,267
61,2013,1,Bronx,3.83568567026194,2.20154083204929,1.97996918335895,-1.24748844375961,5.28758089368259,Jan,0,3245
62,2013,1,Brooklyn,4.11073903002313,2.90484988452655,1.63972286374127,-2.99304849884527,4.28898383371822,Jan,0,4330
63,2013,1,Manhattan,2.8432619647355,1.77078085642317,0.346347607052893,-0.732871536523941,5.41964735516372,Jan,0,1588
64,2013,1,Queens,3.32525896414344,0.999203187251008,0.159362549800795,-1.7618326693227,4.11115537848606,Jan,0,1255
65,2013,1,Staten Island,3.41140350877193,2.5,1.31578947368421,-1.7640350877193,4.84824561403508,Jan,0,228
66,2013,10,Bronx,0.276491228070166,0,0,12.137149122807,20.2829166666667,Oct,0,4560
67,2013,10,Brooklyn,0.301949152542357,0,0,11.2906144067797,19.3156991525424,Oct,0,4720
68,2013,10,Manhattan,0.26940154440155,0,0,10.908462033462,18.9088803088803,Oct,0,3108
69,2013,10,Queens,0.201445086705201,0,0,10.723506743738,18.5169556840077,Oct,0,1038
70,2013,10,Staten Island,0.436962750716332,0,0,11.6037249283668,19.5209169054441,Oct,0,349
71,2013,11,Bronx,7.07462857142857,0,0,2.15674285714285,10.3854857142857,Nov,0,1750
72,2013,11,Brooklyn,2.09207459207459,0,0,5.163344988345,12.4096153846154,Nov,0,1716
73,2013,11,Manhattan,2.7860037998733,0,0,4.58955034832175,11.8738230947858,Nov,0,4737
74,2013,11,Queens,3.66674018526686,0,0,3.79929422143801,11.1,Nov,0,2267
75,2013,11,Staten Island,3.64353876739562,0,0,2.95109343936382,10.2948310139165,Nov,0,503
76,2013,12,Bronx,1.99102914389788,0,18.4836065573775,-0.233242258652074,6.43875227686701,Dec,0,4392
77,2013,12,Brooklyn,1.90351437699681,0.83386581469649,13.8338658146965,0.877955271565501,7.52252396166135,Dec,0,626
78,2013,12,Manhattan,1.4581589958159,0.594142259414225,11.6652719665272,1.59422594142261,7.77673640167366,Dec,0,1195
79,2013,12,Queens,2.63985932004691,2.01875732708085,14.4665885111372,0.639155920281352,7.52485345838219,Dec,0,853
80,2013,12,Staten Island,3.3,0,0.699300699300701,1.1027972027972,7.81678321678322,Dec,0,143
81,2013,2,Bronx,3.32662320021735,9.22847052431366,10.5555555555561,-1.38538440641128,4.08168975821786,Feb,0,3681
82,2013,2,Brooklyn,2.6426159334126,3.09631391200929,0,-1.65529131985731,3.91051129607612,Feb,0,4205
83,2013,2,Manhattan,3.12903819604235,2.95904279797503,9.03773584905659,-1.20133456051541,4.50450989415556,Feb,0,2173
84,2013,2,Queens,4.38946731234867,6.93704600484233,9.56658595641677,-0.745217917675541,4.97167070217918,Feb,0,1652
85,2013,2,Staten Island,3.41582278481013,0.696202531645571,0,-1.78987341772152,4.13354430379747,Feb,0,158
86,2013,3,Bronx,2.30691384950926,3.41461286804807,1.64623773173394,1.31919302071973,8.13967284623772,Mar,0,4585
87,2013,3,Brooklyn,1.93349410503752,3.06859592711685,2.26848874598069,0.986066452304391,7.74078242229367,Mar,0,1866
88,2013,3,Manhattan,2.86016499705359,5.91985857395397,1.14201532115497,0.890718915733652,7.88140836770772,Mar,0,3394
89,2013,3,Queens,3.36010329244676,5.94706262104577,4.31310522918012,1.3724338282763,8.03615235635895,Mar,0,1549
90,2013,3,Staten Island,3.43707865168539,3.20224719101124,3.29494382022472,1.28960674157303,8.01039325842697,Mar,0,356
91,2013,4,Bronx,1.55835058661134,0,0,7.73566252587992,16.9566080055211,Apr,0,5796
92,2013,4,Brooklyn,0.824977085242927,0,0,7.41526122823097,16.6406966086159,Apr,0,2182
93,2013,4,Manhattan,1.20956952616907,0,0,8.27175596159803,17.5805512542583,Apr,0,3229
94,2013,4,Queens,1.74295999999997,0,0,7.65136,16.83808,Apr,0,1250
95,2013,4,Staten Island,0.820772946859907,0,0,8.5268115942029,17.8538647342995,Apr,0,414
96,2013,5,Bronx,7.5331824764662,0,0,13.1550144822592,23.1481897175959,May,0,5524
97,2013,5,Brooklyn,3.62565418163167,0,0,12.1858902001026,22.7613134940995,May,0,1949
98,2013,5,Manhattan,7.07468814968783,0,0,12.3942567567568,22.4241424116424,May,0,3848
99,2013,5,Queens,5.93159771754626,0,0,12.4097004279601,22.4686875891583,May,0,1402
100,2013,5,Staten Island,9.43603603603603,0,0,12.0927927927928,22.0630630630631,May,0,222
101,2013,6,Bronx,4.61499674690957,0,0,19.2112231620039,27.8067338972023,Jun,0,3074
102,2013,6,Brooklyn,5.728418230563,0,0,18.4106344950849,26.962109025916,Jun,0,1119
103,2013,6,Manhattan,3.71661427929952,0,0,18.8042658284688,27.6552312528065,Jun,0,2227
104,2013,6,Queens,7.4467256637168,0,0,18.2169911504425,26.3895575221239,Jun,0,565
105,2013,6,Staten Island,8.42623762376237,0,0,18.8559405940594,27.1549504950495,Jun,0,202
106,2013,7,Bronx,2.4598837209302,0,0,22.4520796064401,29.816614490161,Jul,0,4472
107,2013,7,Brooklyn,2.84135151890886,0,0,22.8216367017979,30.1783632982021,Jul,0,1613
108,2013,7,Manhattan,2.12312174179701,0,0,23.06875191659,30.4230910763569,Jul,0,3261
109,2013,7,Queens,2.37272727272727,0,0,22.3012032085561,29.6177807486631,Jul,0,748
110,2013,7,Staten Island,2.37386363636364,0,0,22.1037878787879,29.4253787878788,Jul,0,264
111,2013,8,Bronx,3.26050136928587,0,0,20.2409943121972,27.8683800294923,Aug,0,4747
112,2013,8,Brooklyn,3.34882116158714,0,0,20.3247843588269,27.835825186889,Aug,0,1739
113,2013,8,Manhattan,2.58116639914392,0,0,20.4883360085607,28.1454788657036,Aug,0,1869
114,2013,8,Queens,3.46011560693643,0,0,20.3598265895954,27.8148362235067,Aug,0,1038
115,2013,8,Staten Island,2.88181818181818,0,0,20.1556363636364,28.1836363636364,Aug,0,275
116,2013,9,Bronx,2.13582167832164,0,0,15.0533216783217,24.7553146853147,Sep,0,5720
117,2013,9,Brooklyn,1.93117265763111,0,0,14.5925751325869,24.6072480848556,Sep,0,1697
118,2013,9,Manhattan,2.01584659913168,0,0,14.6944283646889,24.4549204052099,Sep,0,4146
119,2013,9,Queens,3.35027855153204,0,0,15.2321727019499,25.1981894150418,Sep,0,718
120,2013,9,Staten Island,1.91111111111111,0,0,14.2853333333333,23.7271111111111,Sep,0,225
121,2014,1,Bronx,2.62026397515529,14.7104037267081,18.1444099378882,-2.77492236024846,4.50636645962738,Jan,0,3864
122,2014,1,Brooklyn,1.993,14.1633333333333,6.08333333333334,-2.27849999999999,4.14166666666668,Jan,0,600
123,2014,1,Manhattan,1.43016157989228,4.67145421903055,25.6912028725315,-2.6935368043088,4.70915619389587,Jan,0,557
124,2014,1,Queens,2.12839160839161,8.26433566433563,11.7622377622377,-3.21706293706294,3.19076923076923,Jan,0,715
125,2014,1,Staten Island,3.13909090909091,15.8,3.81818181818182,-2.27545454545455,5.05818181818182,Jan,0,110
126,2014,10,Bronx,5.00486618004871,0,0,11.9256826169235,18.7726682887267,Oct,0,3699
127,2014,10,Brooklyn,4.24693675889325,0,0,12.6486166007905,19.4122035573123,Oct,0,2024
128,2014,10,Manhattan,2.39315610859725,0,0,13.5494909502262,20.2360294117647,Oct,0,1768
129,2014,10,Queens,3.98422680412367,0,0,12.2789175257732,19.2022164948454,Oct,0,1940
130,2014,10,Staten Island,3.64439359267734,0,0,12.8006864988558,19.4897025171625,Oct,0,437
131,2014,11,Bronx,4.14328922495274,0.20085066162571,0,5.59333648393194,13.3447069943289,Nov,0,2116
132,2014,11,Brooklyn,5.78335183129851,0.527192008879029,0,3.7157602663707,11.2454495005549,Nov,0,1802
133,2014,11,Manhattan,5.31660926138537,0.269804822043631,0,2.50907003444318,10.0138155376961,Nov,0,2613
134,2014,11,Queens,6.37672663958212,0.295995356935577,0,3.62182240278583,11.4104468949507,Nov,0,1723
135,2014,11,Staten Island,4.66438596491227,0.184210526315789,0,4.34526315789474,11.7642105263158,Nov,0,570
136,2014,12,Bronx,2.40411171450735,1.12490302560123,1.58262218774246,1.86617532971295,6.69751745539178,Dec,0,1289
137,2014,12,Brooklyn,1.95695001824152,0.68405691353522,0.897482670558158,2.53254286756658,7.84151769427214,Dec,0,2741
138,2014,12,Manhattan,2.92581320450891,1.11513687600636,2.24154589372005,2.01450885668276,6.91531400966183,Dec,0,6210
139,2014,12,Queens,3.82794891059356,0.826446280991747,1.01427498121714,2.14680691209617,6.91622839969947,Dec,0,1331
140,2014,12,Staten Island,2.03864734299517,1.57004830917875,1.44927536231884,1.1975845410628,6.65265700483091,Dec,0,207
141,2014,2,Bronx,0.924551166965888,0.778276481149008,231.014362657091,-5.32280071813283,1.85637342908438,Feb,0,2228
142,2014,2,Brooklyn,0.917191977077361,0.601719197707736,214.641833810888,-4.41404011461318,3.45759312320917,Feb,0,349
143,2014,2,Manhattan,0.433524684270951,0.355912743972447,195.097588978186,-5.27014925373136,2.46337543053961,Feb,0,871
144,2014,2,Queens,0.71684210526316,0.923684210526315,215.657894736842,-5.6892105263158,1.47131578947369,Feb,0,380
145,2014,2,Staten Island,0.670454545454545,3.15909090909091,190.909090909091,-4.50227272727273,3.18409090909091,Feb,0,44
146,2014,3,Bronx,2.00239160023334,0.102663814894032,23.105191522458,-2.32360489986387,6.56430099163914,Mar,0,5143
147,2014,3,Brooklyn,2.35894831192111,0.0645354048401577,14.1918135643857,-1.97965342097399,7.42282641171197,Mar,0,3347
148,2014,3,Manhattan,1.80818643561397,0.0358530026889748,27.9384523453834,-2.75085150881387,6.18338810875411,Mar,0,3347
149,2014,3,Queens,2.03019961365101,0.0907920154539617,30.4249839021249,-2.39735994848678,6.79954925949776,Mar,0,1553
150,2014,3,Staten Island,2.40987951807229,0.0506024096385545,14.5060240963856,-2.51638554216868,6.8710843373494,Mar,0,415
151,2014,4,Bronx,5.87174399999988,0,0,5.97536,15.620144,Apr,0,6250
152,2014,4,Brooklyn,5.62881820096902,0,0,5.96382978723404,15.3999368021909,Apr,0,4747
153,2014,4,Manhattan,4.50282500000003,0,0,6.42202499999998,16.16575,Apr,0,4000
154,2014,4,Queens,8.0679949399114,0,0,6.01783681214421,15.5511701454775,Apr,0,1581
155,2014,4,Staten Island,2.60601156069365,0,0,5.8164161849711,15.1180346820809,Apr,0,865
156,2014,5,Bronx,3.86738920069667,0,0,12.7291852138572,21.9634797754983,May,0,5167
157,2014,5,Brooklyn,4.63491379310346,0,0,13.0099469496021,22.0759283819629,May,0,3016
158,2014,5,Manhattan,5.48202026806148,0,0,12.9260542661,21.8138934292252,May,0,3059
159,2014,5,Queens,4.91295843520782,0,0,12.9491442542787,21.8362673186634,May,0,1227
160,2014,5,Staten Island,3.99699863574351,0,0,12.5594815825375,22.1354706684857,May,0,733
161,2014,6,Bronx,4.04911154985192,0,0,18.3553307008884,26.8639190523198,Jun,0,2026
162,2014,6,Brooklyn,3.58520611702128,0,0,18.6741356382979,26.9131981382979,Jun,0,3008
163,2014,6,Manhattan,4.7015142802378,0,0,18.6371094498754,26.7826720337359,Jun,0,5217
164,2014,6,Queens,4.89900990099008,0,0,18.824504950495,26.9987004950495,Jun,0,1616
165,2014,6,Staten Island,2.86212765957447,0,0,19.156170212766,27.3217021276596,Jun,0,235
166,2014,7,Bronx,3.59746233148296,0,0,20.742327517843002,29.0284694686756,Jul,0,5044
167,2014,7,Brooklyn,6.50770003347838,0,0,20.9147974556411,29.4978239035822,Jul,0,2987
168,2014,7,Manhattan,6.17945368171024,0,0,20.4373317498021,29.0112826603325,Jul,0,2526
169,2014,7,Queens,7.38282208588956,0,0,20.8241564417178,29.5456288343558,Jul,0,1304
170,2014,7,Staten Island,7.88512931034482,0,0,20.7129310344828,29.5051724137931,Jul,0,464
171,2014,8,Bronx,1.50845314394588,0,0,19.4075697211156,28.1856400485017,Aug,0,5773
172,2014,8,Brooklyn,1.44440389294399,0,0,19.4186131386861,28.415896188159,Aug,0,2466
173,2014,8,Manhattan,1.5207112281857,0,0,19.0498189002305,28.521205136648,Aug,0,3037
174,2014,8,Queens,1.50407450523865,0,0,19.2557625145518,28.1928987194412,Aug,0,859
175,2014,8,Staten Island,1.27162891046386,0,0,18.3903991370011,27.7527508090615,Aug,0,927
176,2014,9,Bronx,0.47543027748507,0,0,17.399789251844,25.2629785739375,Sep,0,5694
177,2014,9,Brooklyn,0.70171557562077,0,0,17.0711963882619,25.0112415349887,Sep,0,2215
178,2014,9,Manhattan,0.482773631840798,0,0,18.1287313432836,26.4591417910448,Sep,0,1608
179,2014,9,Queens,0.580237877401645,0,0,16.4493138151876,24.5972552607502,Sep,0,1093
180,2014,9,Staten Island,0.867677514792903,0,0,17.0478550295858,24.9661982248521,Sep,0,1352
181,2015,1,Bronx,1.84050525120635,13.7235310814645,25.0922509225107,-4.89710474027816,2.17922225376097,Jan,0,3523
182,2015,1,Brooklyn,0.93037857802401,3.70544783010159,4.33979686057252,-4.67072945521699,2.77433056325024,Jan,0,1083
183,2015,1,Manhattan,1.29784283513098,10.9645608628659,10.1232665639444,-4.27569337442219,3.41926040061634,Jan,0,2596
184,2015,1,Queens,0.976938637896149,2.11058664868513,2.60957518543489,-4.45630478759271,2.14565070802429,Jan,0,1483
185,2015,1,Staten Island,1.36416666666667,5.78333333333333,2.5,-3.1075,2.37,Jan,0,120
186,2015,10,Bronx,3.26057520543047,0,0,11.4,19.4502500893176,Oct,0,5598
187,2015,10,Brooklyn,3.27768860353132,0,0,11.3554842161584,19.7431246655966,Oct,0,1869
188,2015,10,Manhattan,3.76363343013878,0,0,10.7501452081316,18.8463697967086,Oct,0,3099
189,2015,10,Queens,3.59413145539906,0,0,11.0350938967136,19.3944835680751,Oct,0,852
190,2015,10,Staten Island,5.4303738317757,0,0,10.4971962616822,18.2742990654206,Oct,0,214
191,2015,11,Bronx,2.93298404382006,0,0,8.54860681114548,15.3250773993808,Nov,0,4199
192,2015,11,Brooklyn,2.16178861788617,0,0,8.42533875338752,15.2912601626016,Nov,0,1476
193,2015,11,Manhattan,1.60817195972118,0,0,8.77602633617348,15.7186289697909,Nov,0,2582
194,2015,11,Queens,3.0532679738562,0,0,8.00904139433551,14.6915032679739,Nov,0,918
195,2015,11,Staten Island,1.00740740740741,0,0,8.86604938271605,15.4604938271605,Nov,0,162
196,2015,12,Bronx,5.52235609103077,0,0,7.48279785809906,13.4924029451138,Dec,0,2988
197,2015,12,Brooklyn,5.52709179528837,0,0,7.20194963444355,13.3949634443542,Dec,0,2462
198,2015,12,Manhattan,6.3598277347114,0,0,7.43664082687342,13.4881309216193,Dec,0,5805
199,2015,12,Queens,5.58486140724946,0,0,7.76595593461266,14.2366737739872,Dec,0,1407
200,2015,12,Staten Island,4.39940476190476,0,0,9.08214285714286,14.508333333333301,Dec,0,168
201,2015,2,Bronx,0.15621285791464,0.457590491626175,235.353862776878,-7.89168017287952,1.61139924365206,Feb,0,3702
202,2015,2,Brooklyn,0.043265306122449,0.342857142857143,245.938775510204,-8.32387755102041,1.49897959183674,Feb,0,490
203,2015,2,Manhattan,0.502010265183921,3.58254918733959,231.88622754491,-7.26727972626174,1.30363558597092,Feb,0,2338
204,2015,2,Queens,0.0838521400778207,0.323929961089489,227.694552529183,-7.71284046692607,1.54620622568093,Feb,0,1028
205,2015,2,Staten Island,0,0,268.139534883721,-7.10232558139535,1.24883720930233,Feb,0,43
206,2015,3,Bronx,3.39289081651895,9.549688855365,78.2915330944723,0.365792947388244,8.43349047708844,Mar,0,5303
207,2015,3,Brooklyn,3.38740340030911,8.29675425038636,85.3245749613602,0.802318392581141,8.63122102009274,Mar,0,1294
208,2015,3,Manhattan,3.34285714285712,8.1517320354995,75.6484397366169,0.0955911823647359,8.10143143429717,Mar,0,3493
209,2015,3,Queens,3.25622661678248,7.6900053447355,101.624799572421,0.299946552645652,8.20748262960983,Mar,0,1871
210,2015,3,Staten Island,2.87272727272727,10.0909090909091,36.8181818181818,0.0675324675324678,8.76038961038961,Mar,0,154
211,2015,4,Bronx,2.50115720135298,0,0,7.65095246572904,16.3025280398789,Apr,0,5617
212,2015,4,Brooklyn,1.27077594894187,0,0,8.71743365804501,18.0102788041653,Apr,0,2977
213,2015,4,Manhattan,0.974955504703787,0,0,7.26999745741164,16.4116196287821,Apr,0,3933
214,2015,4,Queens,2.911892208553,0,0,8.71939074399532,17.6009958992384,Apr,0,1707
215,2015,4,Staten Island,1.47848605577689,0,0,7.9593625498008,16.6011952191235,Apr,0,251
216,2015,5,Bronx,0.200025354969578,0,0,14.9052231237323,25.2352941176471,May,0,3944
217,2015,5,Brooklyn,0.0712183637433767,0,0,14.8290759270159,25.3951147733961,May,0,3398
218,2015,5,Manhattan,0.0710141452889,0,0,14.912586909614,25.4409494126109,May,0,4171
219,2015,5,Queens,0.0486158001350442,0,0,16.1977717758272,27.156515867657,May,0,1481
220,2015,5,Staten Island,0.178571428571429,0,0,16.652380952381,26.2613095238095,May,0,168
221,2015,6,Bronx,2.03437029603614,0,0,18.4985783575849,26.8302558956347,Jun,0,5979
222,2015,6,Brooklyn,2.59971558589305,0,0,17.1899317406143,24.9666097838453,Jun,0,1758
223,2015,6,Manhattan,2.38417975886008,0,0,17.2866642309098,25.3329923273657,Jun,0,2737
224,2015,6,Queens,3.10146914789423,0,0,17.5687561214496,25.4405484818805,Jun,0,1021
225,2015,6,Staten Island,2.17262357414448,0,0,17.7326996197719,25.874144486692,Jun,0,263
226,2015,7,Bronx,3.71895261845386,0,0,22.2539365871037,29.9648735304596,Jul,0,5614
227,2015,7,Brooklyn,4.66500541711805,0,0,22.2646262188516,29.8790899241604,Jul,0,1846
228,2015,7,Manhattan,3.29621928166352,0,0,22.322243226213,30.1018588531821,Jul,0,3174
229,2015,7,Queens,4.03646209386281,0,0,22.1003610108303,29.8093862815884,Jul,0,831
230,2015,7,Staten Island,4.16089965397924,0,0,22.0532871972318,29.7162629757785,Jul,0,289
231,2015,8,Bronx,2.69603670441237,0,0,21.9499804763764,30.4021280749707,Aug,0,5122
232,2015,8,Brooklyn,2.26910163339384,0,0,21.8691923774955,30.4254083484574,Aug,0,2204
233,2015,8,Manhattan,1.31876796714579,0,0,21.5968377823409,30.4696919917864,Aug,0,2435
234,2015,8,Queens,2.47652777777777,0,0,21.8406944444444,30.4873611111111,Aug,0,720
235,2015,8,Staten Island,2.94081632653061,0,0,21.8208163265306,30.4175510204082,Aug,0,245
236,2015,9,Bronx,4.82956469165657,0,0,19.9591092301491,29.001269649335,Sep,0,4962
237,2015,9,Brooklyn,3.0557692307692,0,0,19.1101442307692,28.3192307692308,Sep,0,2080
238,2015,9,Manhattan,3.13801532287492,0,0,19.7294782925939,28.64976286027,Sep,0,2741
239,2015,9,Queens,3.41350407450524,0,0,19.7239813736903,28.6138533178114,Sep,0,859
240,2015,9,Staten Island,5.9246835443038,0,0,18.0936708860759,26.6943037974684,Sep,0,158
241,2016,1,Bronx,0.0468202465931214,0.257949383517193,23.1213497728746,-3.3629785853342,4.22874756651526,Jan,0,3082
242,2016,1,Brooklyn,0.399656750572076,0.343249427917621,15.0572082379866,-3.17791762013729,4.19496567505721,Jan,0,1748
243,2016,1,Manhattan,0.0213576158940395,0.355960264900665,23.5614422369384,-3.6448859455482,3.86118469462841,Jan,0,5436
244,2016,1,Queens,0.0199667221297837,0.33277870216306,23.5440931780365,-3.89400998336106,3.92961730449251,Jan,0,601
245,2016,1,Staten Island,0.565671641791045,0.323383084577114,6.71641791044777,-2.02238805970149,5.03333333333333,Jan,0,201
246,2016,10,Bronx,2.1618463180363,0,0,11.032363927428,18.4827107790822,Oct,0,3748
247,2016,10,Brooklyn,3.15224697147324,0,0,10.6150840171942,18.2200078155529,Oct,0,2559
248,2016,10,Manhattan,2.92829729729738,0,0,11.8448783783784,19.2339459459459,Oct,0,7400
249,2016,10,Queens,1.59388888888889,0,0,12.5192592592593,19.7993518518518,Oct,0,2160
250,2016,10,Staten Island,1.03170731707317,0,0,11.2112804878049,19.5832317073171,Oct,0,328
251,2016,11,Bronx,5.10288132540987,0,0,6.73619665045924,13.5144786601837,Nov,0,5553
252,2016,11,Brooklyn,3.35090311986866,0,0,6.60355774493705,13.1888341543514,Nov,0,3654
253,2016,11,Manhattan,4.96803646144636,0,0,6.97461147638972,13.7540346682606,Nov,0,6692
254,2016,11,Queens,7.22014242115971,0,0,6.76520854526958,13.5663275686674,Nov,0,983
255,2016,11,Staten Island,2.47003610108303,0,0,6.9942238267148,14.4101083032491,Nov,0,277
256,2016,12,Bronx,2.06450328488952,0,0,0.914015528568604,6.7031057137169,Dec,0,5023
257,2016,12,Brooklyn,2.07864644107353,0,0,1.03477246207701,6.79945546479969,Dec,0,2571
258,2016,12,Manhattan,1.90539178249577,0,0,1.30806476248666,7.26157018481747,Dec,0,6547
259,2016,12,Queens,1.98743604320638,0,0,-0.0367822626492311,6.02723138146672,Dec,0,1759
260,2016,12,Staten Island,2.07445652173913,0,0,1.28152173913044,7.06304347826087,Dec,0,184
261,2016,2,Bronx,3.53373291776549,1.70678494365851,2.98489570846317,0.507504195636535,7.5981539199233,Feb,0,4171
262,2016,2,Brooklyn,3.3336212624585,1.25149501661128,2.52823920265784,0.768172757475087,8.02803986710965,Feb,0,3010
263,2016,2,Manhattan,4.51125413115326,1.5674030266132,3.77978778918069,0.937032527396071,8.42532614367721,Feb,0,5749
264,2016,2,Queens,3.4376968503937,0.850393700787399,1.88976377952754,-0.380314960629903,6.70177165354331,Feb,0,1016
265,2016,2,Staten Island,4.24230171073098,1.51166407465008,0.902021772939351,-0.61376360808709,5.8165629860031,Feb,0,1286
266,2016,3,Bronx,1.18644795938293,0.868775629759822,0,5.19962897871512,15.357371607108,Mar,0,5121
267,2016,3,Brooklyn,0.981852462880029,0.809568701390523,0,5.53403252415743,15.7856233796842,Mar,0,4243
268,2016,3,Manhattan,1.17719918422843,0.984772263766153,0,5.21397688647177,15.3554724677091,Mar,0,7355
269,2016,3,Queens,1.3204329004329,1.3939393939394,0,4.61099567099568,14.1344588744589,Mar,0,1155
270,2016,3,Staten Island,1.48673139158576,1.86407766990291,0,4.69385113268609,14.8877022653722,Mar,0,309
271,2016,4,Bronx,1.12911537360435,0,0,7.53836243916402,17.2774405954767,Apr,0,3493
272,2016,4,Brooklyn,1.51644736842106,0,0,6.78539473684207,16.6120394736843,Apr,0,3040
273,2016,4,Manhattan,1.42842001962709,0,0,6.99589793915601,16.3743670264967,Apr,0,5095
274,2016,4,Queens,1.24392523364486,0,0,7.6531152647975,17.8520249221184,Apr,0,1284
275,2016,4,Staten Island,1.06787148594377,0,0,7.81204819277109,17.6437751004016,Apr,0,249
276,2016,5,Bronx,1.7023237179487,0,0,13.1664463141026,22.3378205128205,May,0,4992
277,2016,5,Brooklyn,1.91754207037225,0,0,12.6301376848547,21.3707292197858,May,0,1961
278,2016,5,Manhattan,1.72687330725251,0,0,12.0486909419199,21.114083659344,May,0,3323
279,2016,5,Queens,1.99637804187889,0,0,11.8920203735144,20.4207130730051,May,0,1767
280,2016,5,Staten Island,2.41374407582938,0,0,11.6109004739336,20.4047393364929,May,0,211
281,2016,6,Bronx,1.34067948144837,0,0,16.8027268663389,26.3097451944569,Jun,0,4474
282,2016,6,Brooklyn,1.38385175380544,0,0,17.7974520185308,27.0003639973528,Jun,0,3022
283,2016,6,Manhattan,1.50312499999999,0,0,17.321533203125,26.2828369140625,Jun,0,4096
284,2016,6,Queens,1.35010020040081,0,0,17.3433867735471,27.0860721442886,Jun,0,998
285,2016,6,Staten Island,1.3940251572327,0,0,17.3987421383648,26.6918238993711,Jun,0,318
286,2016,7,Bronx,5.51460066555735,0,0,21.9983569051581,31.0502911813644,Jul,0,4808
287,2016,7,Brooklyn,5.66070120355832,0,0,22.1126635269492,30.8407639979069,Jul,0,3822
288,2016,7,Manhattan,5.29170888991244,0,0,22.1674573929065,30.962551819438,Jul,0,4342
289,2016,7,Queens,5.98695163104611,0,0,22.0278965129359,30.7516310461192,Jul,0,889
290,2016,7,Staten Island,6.27287356321841,0,0,21.6094252873563,29.8586206896552,Jul,0,435
291,2016,8,Bronx,1.066505946641,0,0,21.7495178399228,29.598649951784,Aug,0,6222
292,2016,8,Brooklyn,0.827467811158784,0,0,21.9165236051502,30.1470263641937,Aug,0,3262
293,2016,8,Manhattan,0.542000398485782,0,0,21.7842797369994,29.7989639370393,Aug,0,5019
294,2016,8,Queens,0.691638795986619,0,0,21.8646822742475,30.2467558528428,Aug,0,1495
295,2016,8,Staten Island,0.703303303303303,0,0,21.8027027027027,29.9207207207207,Aug,0,333
296,2016,9,Bronx,3.32290788681515,0,0,17.864268512944,25.6907585791692,Sep,0,3322
297,2016,9,Brooklyn,2.87042532146388,0,0,18.6139795581932,26.5358391031982,Sep,0,3033
298,2016,9,Manhattan,3.48920547945203,0,0,17.7341643835617,25.7233150684931,Sep,0,7300
299,2016,9,Queens,2.77331812998861,0,0,17.9517673888255,25.8424743443558,Sep,0,3508
300,2016,9,Staten Island,0.976774193548387,0,0,19.0584946236559,27.1862365591398,Sep,0,465
301,2017,1,Bronx,5.67593133674224,2.22059897735584,3.38933528122725,1.88020452885317,7.35051132213295,Jan,0,5476
302,2017,1,Brooklyn,5.55015682919883,2.96692329626478,2.67465069860277,1.82922725976621,7.15594525235244,Jan,0,3507
303,2017,1,Manhattan,5.30206817311363,2.48819098685022,7.31648155240613,1.5379037405847,7.64959785522777,Jan,0,7833
304,2017,1,Queens,5.18683602771367,2.1535796766744,5.47344110854502,1.62401847575058,7.16333718244804,Jan,0,1732
305,2017,1,Staten Island,2.53843137254902,3.4248366013072302,1.68627450980393,1.88339869281046,7.70836601307189,Jan,0,765
306,2017,10,Bronx,0.627503892060199,0,0,12.9563051375195,21.5062445943609,Oct,0,5781
307,2017,10,Brooklyn,0.95317067129056,0,0,12.5122120386426,20.3957394104533,Oct,0,8074
308,2017,10,Manhattan,0.645720040281978,0,0,12.4712271615595,20.7963602359373,Oct,0,6951
309,2017,10,Queens,0.839310344827585,0,0,12.4132019704434,20.4632512315271,Oct,0,1015
310,2017,10,Staten Island,11.3750611246944,0,0,13.0916870415648,20.6281173594132,Oct,0,409
311,2017,11,Bronx,0.709779951100254,0,0,4.3705849163062,12.7542787286064,Nov,0,5317
312,2017,11,Brooklyn,0.647797087834664,0,0,4.50839830906529,12.9721277595115,Nov,0,10645
313,2017,11,Manhattan,0.592250565062962,0,0,5.01691959961252,13.3889247659025,Nov,0,6194
314,2017,11,Queens,0.704058624577229,0,0,4.85907553551297,13.417587373168,Nov,0,887
315,2017,11,Staten Island,1.05277777777778,0,0,3.61865079365079,12.3285714285714,Nov,0,252
316,2017,12,Bronx,1.66552895981088,1.65780141843973,4.25088652482289,1.24438534278961,7.4911347517731,Dec,0,6768
317,2017,12,Brooklyn,1.67283479587931,1.622281571919,4.1625333842044,0.973229047437388,7.00602823349869,Dec,0,7863
318,2017,12,Manhattan,1.58408003479771,1.41322314049584,3.99956502827327,0.465963462374913,6.71533275337101,Dec,0,4598
319,2017,12,Queens,1.78695955369596,2.23849372384936,6.28312412831251,0.84888423988842,6.21192468619247,Dec,0,1434
320,2017,12,Staten Island,0.294230769230769,3.46153846153847,4.66346153846153,-0.347596153846152,5.45673076923077,Dec,0,208
321,2017,2,Bronx,0.491849892544204,0,5.14961150603435,2.21587039180031,9.66634154405682,Feb,0,6049
322,2017,2,Brooklyn,0.376049173378562,0,4.63119966087332,2.18541754980928,9.54175498092417,Feb,0,4718
323,2017,2,Manhattan,0.700815408407038,2.04962744271016,6.15914522704955,2.10088570223539,9.52981864192325,Feb,0,7113
324,2017,2,Queens,0.492928810320117,0,5.39894887720986,2.41242236024844,9.45972288580986,Feb,0,2093
325,2017,2,Staten Island,0.459346846846846,0,7.93918918918921,3.15439189189188,10.8156531531531,Feb,0,888
326,2017,3,Bronx,2.41942178077338,2.01170627882215,0.0407946080170292,2.31855267825478,11.5069705569351,Mar,0,5638
327,2017,3,Brooklyn,3.40783444198079,2.11061837891122,0.0246366100024654,1.38179354520819,10.860064055186,Mar,0,4059
328,2017,3,Manhattan,3.00495340006901,1.06109768726261,2.58198136002745,2.5994822229893,11.9886606834656,Mar,0,5794
329,2017,3,Queens,3.80534638554218,2.21498493975892,0.0489457831325322,1.78716114457831,11.221234939759,Mar,0,2656
330,2017,3,Staten Island,3.91618457300277,0.255509641873272,5.55096418732789,1.90723140495868,11.0875344352617,Mar,0,1452
331,2017,4,Bronx,4.6931936295055,0,0,10.0483654652139,18.0231349538977,Apr,0,5965
332,2017,4,Brooklyn,4.16845940319226,0,0,9.91845940319222,17.9544760582929,Apr,0,2882
333,2017,4,Manhattan,4.25936858316231,0,0,9.82471765913758,17.9726514373718,Apr,0,7792
334,2017,4,Queens,5.79562443026432,0,0,9.97319963536919,17.5650865998177,Apr,0,3291
335,2017,4,Staten Island,7.80117096018734,0,0,8.78009367681499,16.8594847775176,Apr,0,427
336,2017,5,Bronx,3.14854368932021,0,0,11.9054721977052,20.1276919682259,May,0,4532
337,2017,5,Brooklyn,3.41127566475945,0,0,12.4833726018176,20.7738135307977,May,0,2971
338,2017,5,Manhattan,3.89425970413458,0,0,11.9580983689467,19.8977241117713,May,0,7909
339,2017,5,Queens,4.21921450151057,0,0,12.1912688821752,20.2717824773414,May,0,3310
340,2017,5,Staten Island,4.51063122923589,0,0,13.4132890365448,21.5614617940199,May,0,301
341,2017,6,Bronx,1.95671684587818,0,0,17.7721863799283,25.869577060932,Jun,0,6975
342,2017,6,Brooklyn,2.5257662337662,0,0,18.6963636363636,26.866025974026,Jun,0,3850
343,2017,6,Manhattan,2.45646766169141,0,0,17.340400936494,25.4738366988587,Jun,0,6834
344,2017,6,Queens,4.39098179812467,0,0,18.6879205736349,26.7213182570325,Jun,0,3626
345,2017,6,Staten Island,2.34367469879518,0,0,18.6978915662651,26.1096385542169,Jun,0,332
346,2017,7,Bronx,1.96353032659412,0,0,21.2676982892691,28.8842301710731,Jul,0,6430
347,2017,7,Brooklyn,3.66619394403977,0,0,21.4375622844002,28.9146032962821,Jul,0,2609
348,2017,7,Manhattan,3.28044787644762,0,0,21.2563243243243,28.8802007722008,Jul,0,6475
349,2017,7,Queens,3.80538461538463,0,0,21.1788888888889,28.3469230769231,Jul,0,1170
350,2017,7,Staten Island,2.94653243847874,0,0,20.5740492170022,28.3953020134228,Jul,0,447
351,2017,8,Bronx,2.42757925072044,0,0,19.5998703170029,27.4515994236312,Aug,0,6940
352,2017,8,Brooklyn,2.33363465160074,0,0,19.3813370998117,27.2261393596987,Aug,0,5310
353,2017,8,Manhattan,3.04894035900404,0,0,19.653039953677,27.5464620729589,Aug,0,8635
354,2017,8,Queens,3.38049866429208,0,0,19.5305431878896,27.4283170080143,Aug,0,1123
355,2017,8,Staten Island,3.20935064935065,0,0,19.8293506493507,27.3761038961039,Aug,0,385
356,2017,9,Bronx,0.829189357398465,0,0,18.0903376380893,25.9853897619418,Sep,0,6427
357,2017,9,Brooklyn,0.856033492037435,0,0,18.2051551469382,26.0982925627976,Sep,0,6091
358,2017,9,Manhattan,0.958609362168088,0,0,17.5861209964413,25.4867643033124,Sep,0,7306
359,2017,9,Queens,0.910810810810815,0,0,17.9442894507411,25.7378378378378,Sep,0,1147
360,2017,9,Staten Island,1.20648148148148,0,0,18.387037037037,25.7682098765432,Sep,0,324
361,2018,1,Bronx,1.78072588347664,1.7887297039159,23.0601719197705,-2.24158548233043,5.44618911174777,Jan,0,5235
362,2018,1,Brooklyn,1.67327726132509,2.23225616054296,19.8967094584611,-2.25630810092972,5.4059760956176,Jan,0,6777
363,2018,1,Manhattan,1.27674153645836,1.67789713541664,22.9231770833326,-2.72428385416662,4.86028645833339,Jan,0,6144
364,2018,1,Queens,0.958658008658008,1.57683982683983,47.3160173160171,-3.66774891774892,3.94751082251082,Jan,0,924
365,2018,1,Staten Island,3.0827868852459,2.48360655737705,24.7540983606558,-0.51803278688524,7.2655737704918,Jan,0,122
366,2018,10,Bronx,2.69212797305815,0,0,12.1920858766576,19.0606188170911,Oct,0,4751
367,2018,10,Brooklyn,3.12377325325909,0,0,12.1343049655778,18.9233191738685,Oct,0,6827
368,2018,10,Manhattan,2.13114147452316,0,0,11.2830344434957,18.1549103330486,Oct,0,7026
369,2018,10,Queens,2.32380952380949,0,0,11.136755952381,17.921130952381,Oct,0,1344
370,2018,10,Staten Island,2.81262798634813,0,0,10.0317406143345,17.2645051194539,Oct,0,293
371,2018,11,Bronx,5.91143323805639,8.08677011024854,0.0306247447937922,4.94683544303795,10.3043078807677,Nov,0,4898
372,2018,11,Brooklyn,6.32303467754597,8.1077985250273,5.21732308175146,5.12477640043934,10.4220147497254,Nov,0,6373
373,2018,11,Manhattan,6.46505125815476,7.72211867039466,3.61913637775672,4.71641814228021,9.99810500155329,Nov,0,6438
374,2018,11,Queens,6.24978429680758,6.75064710957717,3.71009490940464,6.22571182053494,11.3378774805867,Nov,0,1159
375,2018,11,Staten Island,6.99310344827586,6.24521072796934,3.44827586206897,4.8544061302682,10.2816091954023,Nov,0,261
376,2018,12,Bronx,3.44669283611384,0,0,0.906104023552477,6.7614720314033,Dec,0,5095
377,2018,12,Brooklyn,3.75742910325186,0,0,1.35818460527759,7.48903974597615,Dec,0,9133
378,2018,12,Manhattan,4.79172878949234,0,0,1.17704413678852,7.21774937877179,Dec,0,8451
379,2018,12,Queens,3.13698781838317,0,0,0.939534883720926,6.88416389811739,Dec,0,903
380,2018,12,Staten Island,4.93563218390805,0,0,1.06781609195402,7.16551724137931,Dec,0,174
381,2018,2,Bronx,1.25928692699491,0.0640067911714772,0,1.50308998302205,10.7226825127335,Feb,0,5890
382,2018,2,Brooklyn,1.76281767235761,0.53303792519221,0,0.378535123159144,9.36194448064643,Feb,0,7673
383,2018,2,Manhattan,2.69857921691728,1.34016190318854,0.171815628613918,0.661638856765254,9.47604493639528,Feb,0,6053
384,2018,2,Queens,2.23767741935484,0.603870967741932,0,1.2192258064516,9.95406451612903,Feb,0,775
385,2018,2,Staten Island,2.23385093167702,0.282608695652175,0,0.94472049689441,9.90310559006211,Feb,0,322
386,2018,3,Bronx,2.07488046448089,2.57599043715826,8.89344262295115,1.28186475409834,7.9504610655738,Mar,0,5856
387,2018,3,Brooklyn,2.63172974413648,3.71588486140692,6.18736673773951,1.23518123667377,7.95914179104475,Mar,0,7504
388,2018,3,Manhattan,3.27824542943577,3.43995791135095,10.4024727081416,1.23371037748257,7.7024069446271,Mar,0,7603
389,2018,3,Queens,3.79749727965178,0.0761697497279658,8.23721436343853,1.34678998911861,8.2544069640914,Mar,0,919
390,2018,3,Staten Island,2.30975609756098,1.31707317073171,6.26016260162602,1.98333333333333,9.04674796747967,Mar,0,246
391,2018,4,Bronx,2.05414012738853,0.101910828025477,0.094631483166516,5.39324840764327,13.2185623293903,Apr,0,5495
392,2018,4,Brooklyn,4.1677361853833,1.14081996434942,1.05933282403867,5.26872930990582,13.3939393939395,Apr,0,7854
393,2018,4,Manhattan,5.11254450835368,4.1605039715148,3.86332511640644,5.6353327855382,13.5450698438784,Apr,0,7302
394,2018,4,Queens,1.55465465465465,3.22322322322323,2.99299299299297,5.37077077077077,13.9207207207207,Apr,0,999
395,2018,4,Staten Island,2.77279411764705,1.02941176470588,0.955882352941177,6.09080882352941,14.1036764705882,Apr,0,272
396,2018,5,Bronx,2.29425554760199,0,0,14.9159090909091,25.4629742304939,May,0,5588
397,2018,5,Brooklyn,2.46944211994432,0,0,14.9589958158996,25.5314365411436,May,0,7170
398,2018,5,Manhattan,2.60682673588577,0,0,15.3017131732641,25.6258403634004,May,0,7705
399,2018,5,Queens,2.66812439261418,0,0,14.6250728862974,24.9302235179786,May,0,1029
400,2018,5,Staten Island,1.80559440559441,0,0,15.3846153846154,24.8687645687646,May,0,429
401,2018,6,Bronx,2.59592111916403,0,0,17.6732850160122,26.2994437889769,Jun,0,5933
402,2018,6,Brooklyn,2.5704888993859,0,0,16.9665210203117,25.6471539914974,Jun,0,8468
403,2018,6,Manhattan,2.51135955996651,0,0,17.5542508669138,26.1680377854837,Jun,0,8363
404,2018,6,Queens,4.08356290174474,0,0,17.755463728191,26.3459136822773,Jun,0,1089
405,2018,6,Staten Island,3.18212765957447,0,0,17.5882978723404,25.8602127659574,Jun,0,470
406,2018,7,Bronx,4.98266077022298,0,0,21.5850930532523,29.7522940851299,Jul,0,5427
407,2018,7,Brooklyn,5.83274031563862,0,0,21.3106169296987,29.6629698708751,Jul,0,6970
408,2018,7,Manhattan,5.00704515369905,0,0,21.6035299308722,29.724547727607,Jul,0,6799
409,2018,7,Queens,6.71499148211244,0,0,21.254003407155,29.4810902896082,Jul,0,1174
410,2018,7,Staten Island,4.99013605442176,0,0,20.9285714285714,29.193537414966,Jul,0,294
411,2018,8,Bronx,5.79516935036088,0,0,22.3986118822876,29.1933370349806,Aug,0,5403
412,2018,8,Brooklyn,5.24308407013335,0,0,22.7296867975423,29.5985313951746,Aug,0,6673
413,2018,8,Manhattan,5.63119409342598,0,0,22.6026551185574,29.3289223342326,Aug,0,7043
414,2018,8,Queens,6.00791426215994,0,0,22.5948887056884,29.4335531739489,Aug,0,1213
415,2018,8,Staten Island,5.90959752321981,0,0,22.2402476780186,29.2643962848297,Aug,0,323
416,2018,9,Bronx,6.35655131026203,0,0,19.6409281856372,25.5182236447289,Sep,0,4999
417,2018,9,Brooklyn,6.83384989364938,0,0,19.2012002430872,25.002066241264,Sep,0,6582
418,2018,9,Manhattan,6.09182635238252,0,0,19.3762251992539,25.2043072748855,Sep,0,5897
419,2018,9,Queens,8.39502304147466,0,0,18.6558525345622,24.4176036866359,Sep,0,1085
420,2018,9,Staten Island,3.84755381604697,0,0,18.5788649706458,24.4365949119374,Sep,0,511
421,2019,1,Bronx,1.57257201646089,0.901440329218116,1.09259259259258,-2.54584362139916,3.94039094650206,Jan,0,4860
422,2019,1,Brooklyn,1.72773981603159,0.860972404730638,1.25755584756891,-2.47886990801583,3.95027595269388,Jan,0,7610
423,2019,1,Manhattan,2.34881859756095,0.963287601626011,1.18521341463418,-2.58855436991876,4.1954395325203,Jan,0,7872
424,2019,1,Queens,3.1823346303502,1.64824902723736,2.00778210116731,-3.98529182879377,3.76785992217899,Jan,0,1285
425,2019,1,Staten Island,0.683980582524272,0.485436893203884,0,-2.65533980582524,3.74902912621359,Jan,0,206
426,2019,10,Bronx,5.30729495268136,0,0,12.4416995268139,19.4789037854889,Oct,0,5072
427,2019,10,Brooklyn,4.32574736225089,0,0,12.5800117233294,19.8559349355217,Oct,0,6824
428,2019,10,Manhattan,4.14346856888097,0,0,12.9093847525635,20.055394560856,Oct,0,4486
429,2019,10,Queens,3.79608050847458,0,0,12.6324152542373,19.5186440677966,Oct,0,944
430,2019,10,Staten Island,5.54512195121952,0,0,12.1420731707317,19.3926829268293,Oct,0,328
431,2019,11,Bronx,1.32778788666493,0,0,2.88944632180919,11.3146867689108,Nov,0,3847
432,2019,11,Brooklyn,1.40803863087628,0,0,3.07234767788666,11.1345405482176,Nov,0,7041
433,2019,11,Manhattan,1.44859640275677,0,0,2.72445789208269,10.8643637586149,Nov,0,5949
434,2019,11,Queens,1.50104068117313,0,0,2.74257332071902,11.1443708609272,Nov,0,1057
435,2019,11,Staten Island,1.39055793991416,0,0,2.65793991416309,10.6652360515021,Nov,0,466
436,2019,12,Bronx,5.00109332292077,3.7087075361187,2.60640374853572,0.422959781335405,5.76825458805151,Dec,0,5122
437,2019,12,Brooklyn,5.19493313036862,2.74013265195158,1.12210503425038,0.44242687832978,5.92284440578445,Dec,0,9197
438,2019,12,Manhattan,6.96436660123814,3.67174996225275,1.77563037898241,0.21911520459008,5.6550807791031,Dec,0,6623
439,2019,12,Queens,6.86974789915967,2.85154061624647,2.26890756302519,0.760971055088704,6.14472455648927,Dec,0,1071
440,2019,12,Staten Island,3.9228144989339,2.24946695095948,0.831556503198293,2.23965884861407,7.17014925373134,Dec,0,469
441,2019,2,Bronx,2.42284916201121,2.32011173184345,2.63687150837984,-0.627113594041007,6.39147113594041,Feb,0,5370
442,2019,2,Brooklyn,2.7924680663633,2.148583174277,3.59418587578937,0.0327852004110777,7.19995595360448,Feb,0,6811
443,2019,2,Manhattan,2.90442823210047,2.94502884289123,3.7563624024432,-0.518120122158132,6.35715982354938,Feb,0,5894
444,2019,2,Queens,2.19788505747127,1.54068965517243,2.42758620689651,0.205241379310338,7.89834482758617,Feb,0,2175
445,2019,2,Staten Island,2.26167400881057,1.20264317180617,1.18942731277533,-0.88898678414097,6.30748898678414,Feb,0,227
446,2019,3,Bronx,2.04782201405151,2.86073380171747,8.19672131147503,0.81339578454332,8.40304449648711,Mar,0,6405
447,2019,3,Brooklyn,2.35785086216745,1.29222336416589,5.32374100719485,1.84472993034154,9.4666895055385,Mar,0,8757
448,2019,3,Manhattan,2.42822201317032,1.50974331407059,7.32697218115826,1.14160731084539,8.80331944631088,Mar,0,7441
449,2019,3,Queens,2.22390171258376,4.14370811615783,12.0104244229339,0.635666418466098,8.11325390915862,Mar,0,1343
450,2019,3,Staten Island,2.95098039215686,4.41176470588236,6.27450980392157,1.59460784313726,8.94166666666667,Mar,0,204
451,2019,4,Bronx,3.96424891002772,0,0,8.01714889681593,16.8375214691505,Apr,0,7569
452,2019,4,Brooklyn,3.86161209068004,0,0,7.34122166246848,16.3990428211587,Apr,0,7940
453,2019,4,Manhattan,4.41833020197271,0,0,7.76358619069987,16.7480859558478,Apr,0,8516
454,2019,4,Queens,3.55161042944785,0,0,7.66050613496933,16.5736963190184,Apr,0,1304
455,2019,4,Staten Island,3.85412186379928,0,0,7.50483870967742,16.2775985663082,Apr,0,558
456,2019,5,Bronx,4.12129845866421,0,0,12.0004203643157,20.5119570294255,May,0,6423
457,2019,5,Brooklyn,3.87608561432392,0,0,12.229327022021,20.8437538588187,May,0,4859
458,2019,5,Manhattan,4.77873982598924,0,0,12.3909346056694,20.8637384226776,May,0,7126
459,2019,5,Queens,4.65330578512397,0,0,12.3843801652893,21.0985950413223,May,0,1210
460,2019,5,Staten Island,4.26748120300753,0,0,11.3073308270677,19.3968045112782,May,0,532
461,2019,6,Bronx,5.06149555876883,0,0,18.083474488742,25.7818012807271,Jun,0,4841
462,2019,6,Brooklyn,4.72523603992434,0,0,18.0098057728622,25.6747504720799,Jun,0,7414
463,2019,6,Manhattan,5.17943597355291,0,0,17.7540547834301,25.0454189717986,Jun,0,7411
464,2019,6,Queens,6.02460829493089,0,0,17.8974193548387,25.3350230414746,Jun,0,1085
465,2019,6,Staten Island,5.3321568627451,0,0,17.9650980392157,25.2462745098039,Jun,0,255
466,2019,7,Bronx,4.47484822202954,0,0,21.6446877710321,30.1051387684302,Jul,0,4612
467,2019,7,Brooklyn,4.71091201932764,0,0,21.727118985303,30.2735856653916,Jul,0,4967
468,2019,7,Manhattan,6.23817034700308,0,0,21.715012061607,30.3374466505845,Jul,0,5389
469,2019,7,Queens,8.24147859922174,0,0,21.7494163424124,30.3129961089494,Jul,0,1285
470,2019,7,Staten Island,7.47469135802468,0,0,21.6148148148148,30.058024691358,Jul,0,324
471,2019,8,Bronx,3.67876838235285,0,0,20.6416544117647,28.257794117647,Aug,0,5440
472,2019,8,Brooklyn,2.95777521803527,0,0,20.6108112555538,28.3395919039,Aug,0,6077
473,2019,8,Manhattan,2.73071142284553,0,0,20.3824482297929,27.7808283233133,Aug,0,5988
474,2019,8,Queens,2.2632911392405,0,0,20.2622784810127,27.8482700421941,Aug,0,1185
475,2019,8,Staten Island,1.97632093933464,0,0,20.0694716242661,27.8671232876712,Aug,0,511
476,2019,9,Bronx,0.738664839467516,0,0,16.6296985121378,25.1917188723571,Sep,0,5108
477,2019,9,Brooklyn,0.836825885978409,0,0,16.6866589625064,25.2912814586543,Sep,0,7788
478,2019,9,Manhattan,0.825270758122738,0,0,16.9168915067452,25.1527835835075,Sep,0,5263
479,2019,9,Queens,0.98872113676732,0,0,16.8759325044405,25.0286856127886,Sep,0,1126
480,2019,9,Staten Island,0.768783068783069,0,0,16.7433862433862,25.4899470899471,Sep,0,189
481,2020,1,Bronx,0.70338461538462,0.796923076923073,0,0.877107692307696,7.0352,Jan,0,1625
482,2020,1,Brooklyn,0.575954965822277,0.514676316847603,0,0.864817048652995,6.94254121431444,Jan,0,2487
483,2020,1,Manhattan,0.981924508240302,0.539606592238167,0,1.47325890483786,7.38500797448166,Jan,0,1881
484,2020,1,Queens,0.799549549549548,0.596846846846845,0,1.04684684684685,6.77815315315315,Jan,0,444
485,2020,1,Staten Island,0.921052631578947,2.13815789473684,0,0.853947368421054,7.99736842105263,Jan,0,152
486,2020,10,Bronx,1.25527559055118,0,0,12.0814173228346,18.2349606299213,Oct,1,635
487,2020,10,Brooklyn,2.54599797365754,0,0,11.50273556231,17.8155015197568,Oct,1,987
488,2020,10,Manhattan,3.8925315227934,0,0,11.9666343355965,18.1425800193986,Oct,1,1031
489,2020,10,Queens,3.17608695652174,0,0,11.8159420289855,17.5978260869565,Oct,1,138
490,2020,10,Staten Island,5.4,0,0,11.3971428571429,17.9285714285714,Oct,1,105
491,2020,11,Bronx,2.305,0,0,8.15883720930231,15.8170930232558,Nov,1,860
492,2020,11,Brooklyn,1.69847878302642,0,0,8.26501200960768,16.0040032025621,Nov,1,1249
493,2020,11,Manhattan,2.10908311910883,0,0,6.92459297343618,14.9418166238218,Nov,1,1167
494,2020,11,Queens,2.21970443349754,0,0,7.71527093596059,15.6098522167488,Nov,1,203
495,2020,11,Staten Island,2.33679245283019,0,0,6.71698113207547,13.9433962264151,Nov,1,106
496,2020,12,Bronx,2.27761732851986,10.3249097472923,6.18531889290011,1.93008423586041,8.42647412755716,Dec,1,831
497,2020,12,Brooklyn,2.62783188108662,10.4023577652487,9.57970271655577,1.59410558687852,8.03388006150693,Dec,1,1951
498,2020,12,Manhattan,2.9153103448276,14.3379310344829,14.2965517241378,1.51820689655173,7.83503448275862,Dec,1,1450
499,2020,12,Queens,2.4340350877193,11,11.5438596491228,2.09263157894737,8.91964912280702,Dec,1,285
500,2020,12,Staten Island,2.25890410958904,8.28767123287671,6.89497716894976,1.81917808219178,8.44657534246575,Dec,1,219
501,2020,2,Bronx,2.88860471724924,0,0,1.77703893151463,8.7445012787724,Feb,0,3519
502,2020,2,Bronx,2.88860471724924,0,0,1.77703893151463,8.7445012787724,Feb,1,3519
503,2020,2,Brooklyn,3.06224006317454,0,0,1.77291392471706,8.67416425375104,Feb,0,7598
504,2020,2,Manhattan,3.87486255345142,0,0,1.33811850946853,8.05537568723274,Feb,0,3274
505,2020,2,Manhattan,3.87486255345142,0,0,1.33811850946853,8.05537568723274,Feb,1,3274
506,2020,2,Queens,2.72013793103448,0,0,1.52179310344828,8.58841379310345,Feb,0,725
507,2020,2,Staten Island,3.0436170212766,0,0,1.62765957446808,8.89078014184397,Feb,0,282
508,2020,3,Bronx,2.2,0,0,6.73849449204406,14.4835985312118,Mar,1,1634
509,2020,3,Brooklyn,2.36348897535669,0,0,6.35499351491568,13.9101383484652,Mar,1,4626
510,2020,3,Manhattan,1.81425509110398,0,0,5.93283315469813,13.4319042515184,Mar,1,2799
511,2020,3,Queens,1.94508276533593,0,0,6.97585199610515,14.0634858812074,Mar,1,1027
512,2020,3,Staten Island,2.14803149606299,0,0,4.90236220472441,13.559842519685,Mar,1,254
513,2020,4,Bronx,0,0,0,3.3,10,Apr,1,1
514,2020,4,Manhattan,2.7,0,0,6.1,13.6,Apr,1,2
515,2020,5,Bronx,0.356612529002321,0,0,12.5042923433875,22.7730858468677,May,1,862
516,2020,5,Brooklyn,0.381141868512111,0,0,12.7024221453287,23.3140138408304,May,1,578
517,2020,5,Manhattan,0.29775429326288,0,0,11.1562747688243,21.528533685601,May,1,757
518,2020,5,Queens,0.4375,0,0,13.95,23.9125,May,1,16
519,2020,5,Staten Island,0.2,0,0,10.125,20.95,May,1,4
520,2020,6,Bronx,1.90127684271617,0,0,18.5562391178178,27.5758560650029,Jun,1,1723
521,2020,6,Brooklyn,0.951969504447279,0,0,18.8314485387548,27.638627700127,Jun,1,1574
522,2020,6,Manhattan,1.4783001808318,0,0,19.2015672091621,28.0530440024111,Jun,1,1659
523,2020,6,Queens,1.67179487179487,0,0,18.7346153846154,27.9192307692308,Jun,1,78
524,2020,6,Staten Island,4.4,0,0,19.7684931506849,27.2801369863014,Jun,1,146
525,2020,7,Bronx,7.11479017400206,0,0,22.8409928352098,30.6732855680655,Jul,1,1954
526,2020,7,Brooklyn,7.25805544395337,0,0,22.7949377259944,30.3141422257935,Jul,1,2489
527,2020,7,Manhattan,5.8571338383838,0,0,22.9284722222222,30.7213383838384,Jul,1,1584
528,2020,7,Queens,4.1609756097561,0,0,22.7369337979094,30.488850174216,Jul,1,287
529,2020,7,Staten Island,12,0,0,23.8175438596491,31.859649122807,Jul,1,57
530,2020,8,Bronx,5.34750103263113,0,0,20.9630318050392,28.9555142503098,Aug,1,2421
531,2020,8,Brooklyn,7.49328478964397,0,0,20.7202669902913,29.0639563106796,Aug,1,2472
532,2020,8,Manhattan,5.87241379310345,0,0,20.4647335423198,28.8548589341693,Aug,1,1276
533,2020,8,Queens,6.8735294117647,0,0,21.0194117647059,29.4997058823529,Aug,1,340
534,2020,8,Staten Island,5.10588235294118,0,0,21.2957983193277,29.2638655462185,Aug,1,119
535,2020,9,Bronx,2.78356940509916,0,0,16.5949716713881,24.3434844192635,Sep,1,1412
536,2020,9,Brooklyn,2.85374631268435,0,0,16.2323008849557,23.9378761061947,Sep,1,3390
537,2020,9,Manhattan,2.92342487883684,0,0,16.0352988691438,23.7452342487884,Sep,1,2476
538,2020,9,Queens,3.9579207920792,0,0,16.3123762376238,23.869801980198,Sep,1,404
539,2020,9,Staten Island,1.61379310344828,0,0,14.3855172413793,23.3448275862069,Sep,1,145
540,2021,1,Bronx,1.01131284916201,0.134078212290502,0,-0.487290502793292,4.78337988826815,Jan,1,716
541,2021,1,Brooklyn,0.9554678692221,0.437993235625708,0,-0.542841037204056,4.82282976324692,Jan,1,1774
542,2021,1,Manhattan,0.572198088618593,0.255430060816683,0,-0.536663770634231,4.93379669852302,Jan,1,1151
543,2021,1,Queens,0.950501672240802,0.260869565217392,0,-0.75819397993311,4.28428093645485,Jan,1,299
544,2021,1,Staten Island,0.550877192982457,0.210526315789474,0,-0.917543859649123,4.28187134502924,Jan,1,171
545,2021,10,Bronx,1.51710344827586,0,0,13.5784827586207,20.2521379310345,Oct,1,725
546,2021,10,Brooklyn,2.3125,0,0,13.0043965517241,19.9859482758621,Oct,1,1160
547,2021,10,Manhattan,1.34508710801394,0,0,13.6452264808362,20.2031358885017,Oct,1,1435
548,2021,10,Queens,2.85390070921986,0,0,12.145390070922,18.631914893617,Oct,1,141
549,2021,10,Staten Island,2.33478260869565,0,0,11.9065217391304,18.3391304347826,Oct,1,46
550,2021,11,Bronx,0.839105882352956,0,0,4.08762352941176,11.7260235294118,Nov,1,2125
551,2021,11,Brooklyn,0.775935198821793,0,0,3.78453608247423,11.3759646539028,Nov,1,3395
552,2021,11,Manhattan,1.07305334150829,0,0,4.09236664622931,11.7002452483139,Nov,1,3262
553,2021,11,Queens,0.867583046964487,0,0,4.10641466208477,11.8569301260023,Nov,1,873
554,2021,11,Staten Island,1.25368421052632,0,0,4.42421052631579,11.9115789473684,Nov,1,190
555,2021,12,Bronx,0.929671513193337,0,0,4.41690899299946,10.628056004308,Dec,1,1857
556,2021,12,Brooklyn,1.06868131868135,0,0,3.94630647130647,9.88650793650796,Dec,1,3276
557,2021,12,Manhattan,0.703339517625256,0,0,4.74805194805194,11.0415584415584,Dec,1,3234
558,2021,12,Queens,0.959485224022875,0,0,5.06920877025739,10.5808388941849,Dec,1,1049
559,2021,12,Staten Island,1.31090047393365,0,0,3.69478672985782,8.83886255924171,Dec,1,211
560,2021,2,Bronx,4.80103092783505,5.24398625429551,141.39175257732,-1.0683848797251,4.70687285223368,Feb,1,582
561,2021,2,Brooklyn,4.17710109622414,4.2667478684531,124.56760048721,-0.635566382460406,5.35688185140073,Feb,1,821
562,2021,2,Manhattan,3.10541082164328,3.67835671342684,150.911823647294,-0.914128256513022,4.90751503006011,Feb,1,998
563,2021,2,Queens,4.46966292134831,2.74719101123596,156.348314606742,-0.817415730337078,5.33876404494382,Feb,1,178
564,2021,2,Staten Island,3.17684210526316,1.15789473684211,127.368421052632,-0.93578947368421,5.41473684210526,Feb,1,95
565,2021,3,Bronx,5.00214352283318,0,0,4.90745573159366,14.1051258154707,Mar,1,1073
566,2021,3,Brooklyn,4.75158215783456,0,0,4.97506671749906,14.3122378955395,Mar,1,2623
567,2021,3,Manhattan,3.97972732661525,0,0,4.50065204505039,13.8513337285121,Mar,1,1687
568,2021,3,Queens,5.49495268138802,0,0,4.77791798107255,13.8709779179811,Mar,1,317
569,2021,3,Staten Island,2.44368421052632,0,0,3.99157894736842,13.3615789473684,Mar,1,190
570,2021,4,Bronx,2.1415422885572,0,0,7.17549751243781,18.0019278606966,Apr,1,1608
571,2021,4,Brooklyn,1.70886615515767,0,0,7.05694799658991,17.4628587666951,Apr,1,3519
572,2021,4,Manhattan,2.04185733512784,0,0,7.28945715567519,17.7590399282189,Apr,1,2229
573,2021,4,Queens,2.69485530546624,0,0,6.92508038585209,16.8151125401929,Apr,1,311
574,2021,4,Staten Island,1.89043062200957,0,0,6.73014354066986,16.7913875598086,Apr,1,209
575,2021,5,Bronx,3.2873421123355002,0,0,12.5063692555765,22.5243482934695,May,1,3721
576,2021,5,Brooklyn,2.98658333333331,0,0,12.8342777777778,22.7728333333333,May,1,3600
577,2021,5,Manhattan,2.54792823579673,0,0,12.6408372490389,22.9385305425032,May,1,2341
578,2021,5,Queens,3.12305764411026,0,0,13.3062656641604,23.4664160401002,May,1,399
579,2021,5,Staten Island,2.75170731707317,0,0,12.7292682926829,22.4624390243902,May,1,205
580,2021,6,Bronx,2.69362922705318,0,0,18.9168780193237,27.8761775362319,Jun,1,3312
581,2021,6,Brooklyn,2.53689018061029,0,0,18.5208428482458,27.4440938343367,Jun,1,4817
582,2021,6,Manhattan,2.70613786591119,0,0,18.8919420837268,28.0869373622915,Jun,1,3177
583,2021,6,Queens,2.68330373001776,0,0,18.5092362344583,27.6824156305506,Jun,1,563
584,2021,6,Staten Island,3.02340425531915,0,0,18.6689361702128,28.0395744680851,Jun,1,235
585,2021,7,Bronx,9.30189012096777,0,0,21.3756804435484,28.9917590725806,Jul,1,3968
586,2021,7,Brooklyn,11.1530377390422,0,0,21.1683025892706,29.001980030462,Jul,1,5909
587,2021,7,Manhattan,12.8267250587481,0,0,21.3201879940184,29.000405896176,Jul,1,4681
588,2021,7,Queens,10.8065533980582,0,0,21.5651699029126,29.1706310679612,Jul,1,824
589,2021,7,Staten Island,10.6297491039426,0,0,21.4494623655914,29.2111111111111,Jul,1,279
590,2021,8,Bronx,2.32519942728569,0,0,22.2942728574351,29.5988750255676,Aug,1,4889
591,2021,8,Brooklyn,2.91554931554927,0,0,21.7365742365742,29.1257283257283,Aug,1,5698
592,2021,8,Manhattan,2.6661148816422,0,0,22.1719913921536,29.5839927164377,Aug,1,6041
593,2021,8,Queens,3.07354497354497,0,0,22.4430083144369,29.7960695389267,Aug,1,1323
594,2021,8,Staten Island,4.52196796338673,0,0,22.7414187643021,30.3977116704806,Aug,1,437
595,2021,9,Bronx,22.5568181818188,0,0,18.0571428571429,24.8331818181818,Sep,1,1540
596,2021,9,Brooklyn,23.2013822115383,0,0,17.7565504807692,24.8120192307692,Sep,1,1664
597,2021,9,Manhattan,15.561946902655,0,0,17.8538163716814,24.6829092920354,Sep,1,1808
598,2021,9,Queens,15.8061403508772,0,0,18.1820175438597,25.2515350877193,Sep,1,456
599,2021,9,Staten Island,14.4679245283019,0,0,17.4570754716981,24.3627358490566,Sep,1,212
