inspection_ym,borough,avg_prcp,avg_snow,avg_snwd,avg_tmin,avg_tmax,avg_temp,covid_yn,boro_code,inspection_month_n,borough_monthly_cases,inspection_month
2012-1,Bronx,3.3189449541284404,0,3.836697247706422,0.9588990825688073,7.71,4.334449541284403,0,2,1,2180,Jan
2012-1,Brooklyn,3.511357552581262,0,1.8722753346080305,0.39414913957934994,7.884091778202677,4.139120458891013,0,1,1,2615,Jan
2012-1,Manhattan,2.8740077821011676,0,4.375097276264592,-0.30124513618677046,7.374630350194552,3.536692607003891,0,1,1,1285,Jan
2012-1,Queens,4.0931882686849574,0,2.9914853358561966,0.29962157048249766,7.4314096499526965,3.865515610217597,0,4,1,1057,Jan
2012-1,Staten Island,3.802547770700637,0,5.63375796178344,0.08455414012738853,7.472452229299363,3.778503184713376,0,5,1,628,Jan
2012-10,Bronx,2.223607647547797,0,0,12.093433083956775,18.474168744804654,15.283800914380715,0,2,10,4812,Oct
2012-10,Brooklyn,1.6766193944039862,0,0,12.673898045228057,18.877270985051744,15.7755845151399,0,1,10,2609,Oct
2012-10,Manhattan,1.9818482941371316,0,0,12.204438555813184,18.396753892017223,15.300596223915203,0,1,10,3019,Oct
2012-10,Queens,2.637150837988827,0,0,12.582495344506517,18.741154562383613,15.661824953445066,0,4,10,1074,Oct
2012-10,Staten Island,2.7993333333333332,0,0,12.845333333333333,18.575333333333333,15.710333333333333,0,5,10,150,Oct
2012-11,Bronx,2.7758708852668583,5.956855225311601,0,2.894119527005433,8.943208692873123,5.918664109939278,0,2,11,3129,Nov
2012-11,Brooklyn,2.3014063656550703,5.082901554404145,0,2.2699481865284974,8.063286454478165,5.166617320503331,0,1,11,1351,Nov
2012-11,Manhattan,1.2901385493072535,4.208638956805216,1.2469437652811737,2.5836185819070905,8.534066829665852,5.558842705786471,0,1,11,1227,Nov
2012-11,Queens,2.060188679245283,0,0,2.4049056603773584,7.592264150943396,4.998584905660377,0,4,11,530,Nov
2012-11,Staten Island,2.5559701492537314,0,0,2.8615671641791045,9.055223880597016,5.95839552238806,0,5,11,268,Nov
2012-12,Bronx,2.7049605781865966,0.2923784494086728,0,3.221156373193167,9.496879106438897,6.359017739816032,0,2,12,3044,Dec
2012-12,Brooklyn,3.461074061074061,0.22464022464022465,0,2.9025272025272026,9.845981045981047,6.374254124254125,0,1,12,2849,Dec
2012-12,Manhattan,3.673960396039604,0.4158415841584158,0,3.1352145214521454,9.415346534653466,6.2752805280528055,0,1,12,3030,Dec
2012-12,Queens,4.131610169491525,0.4915254237288136,0,1.8773728813559323,8.07957627118644,4.978474576271186,0,4,12,1180,Dec
2012-12,Staten Island,3.3253561253561252,0.3418803418803419,0,2.4578347578347577,9.04957264957265,5.753703703703703,0,5,12,351,Dec
2012-2,Bronx,1.67244386713676,0,0,2.689107441083689,9.513527556132864,6.101317498608276,0,2,2,5389,Feb
2012-2,Brooklyn,1.2528442648430214,0,0,2.488281007149518,9.355362138638483,5.921821572894,0,1,2,3217,Feb
2012-2,Manhattan,2.1118606375092663,0.0037064492216456633,0,2.63587842846553,9.257375833951075,5.946627131208302,0,1,2,1349,Feb
2012-2,Queens,1.9545955882352941,0.0030637254901960784,0,3.092524509803922,9.512928921568628,6.3027267156862745,0,4,2,1632,Feb
2012-2,Staten Island,1.4695454545454545,0,0,2.191060606060606,9.139848484848486,5.665454545454546,0,5,2,660,Feb
2012-3,Bronx,0.8431833007175472,0,0,5.100456621004566,14.601848227875625,9.851152424440095,0,2,3,4599,Mar
2012-3,Brooklyn,0.3836864406779661,0,0,7.969350282485876,17.68060734463277,12.824978813559323,0,1,3,7080,Mar
2012-3,Manhattan,0.33416666666666667,0,0,7.570029761904762,17.659300595238093,12.614665178571428,0,1,3,6720,Mar
2012-3,Queens,0.7317191283292978,0,0,6.915690072639225,15.9846004842615,11.450145278450362,0,4,3,2065,Mar
2012-3,Staten Island,0.4953719008264463,0,0,6.445950413223141,16.183801652892562,11.314876033057852,0,5,3,605,Mar
2012-4,Bronx,0.4976401179941003,0,0,8.226666666666667,17.82519174041298,13.025929203539823,0,2,4,1695,Apr
2012-4,Brooklyn,1.308123040167239,0,0,8.049873077497388,17.800283709123487,12.925078393310438,0,1,4,6697,Apr
2012-4,Manhattan,0.39588330961577556,0,0,7.287965033543403,17.25186013417361,12.269912583858508,0,1,4,9838,Apr
2012-4,Queens,0.5447809626825311,0,0,7.971227690643591,17.820064899945915,12.895646295294753,0,4,4,1849,Apr
2012-4,Staten Island,0.5346564885496183,0,0,7.9100763358778625,17.773893129770993,12.841984732824429,0,5,4,655,Apr
2012-5,Bronx,6.03794002607562,0,0,14.262125162972621,20.929465449804432,17.595795306388528,0,2,5,1534,May
2012-5,Brooklyn,5.393660812294183,0,0,14.32692096597146,21.211402305159165,17.76916163556531,0,1,5,7288,May
2012-5,Manhattan,4.8067337215457915,0,0,13.83787188988883,20.802668078348333,17.320269984118582,0,1,5,9445,May
2012-5,Queens,5.319278299555116,0,0,13.802965892239248,20.77607513593673,17.28952051408799,0,4,5,2023,May
2012-5,Staten Island,7.244852941176471,0,0,14.437132352941177,21.319117647058825,17.878125,0,5,5,272,May
2012-6,Bronx,2.5805317710680487,0,0,18.00730058584948,27.34060387561965,22.673952230734564,0,2,6,2219,Jun
2012-6,Brooklyn,3.1219493766528146,0,0,16.772144566175545,25.511736557108676,21.14194056164211,0,1,6,7941,Jun
2012-6,Manhattan,3.8456642066420663,0,0,16.57427736777368,25.09860086100861,20.836439114391144,0,1,6,6504,Jun
2012-6,Queens,3.0225298588490768,0,0,16.707817589576546,25.734636264929424,21.221226927252985,0,4,6,1842,Jun
2012-6,Staten Island,3.2079999999999997,0,0,16.092,24.272666666666666,20.182333333333332,0,5,6,300,Jun
2012-7,Bronx,3.2055021669493122,0,0,21.333634821933295,30.385660448464293,25.859647635198794,0,2,7,5307,Jul
2012-7,Brooklyn,3.613237965485922,0,0,21.67792915531335,31.067552225249774,26.37274069028156,0,1,7,4404,Jul
2012-7,Manhattan,2.98233611966564,0,0,21.706731192256928,31.121007479102506,26.413869335679717,0,1,7,4546,Jul
2012-7,Queens,3.9018226002430136,0,0,21.454313487241798,30.706075334143378,26.080194410692588,0,4,7,1646,Jul
2012-7,Staten Island,5.997716894977169,0,0,20.923744292237444,30.004109589041096,25.46392694063927,0,5,7,219,Jul
2012-8,Bronx,2.3765316938732246,0,0,20.666716133135466,28.927941488234048,24.797328810684757,0,2,8,4717,Aug
2012-8,Brooklyn,2.993418467583497,0,0,20.387303536345776,28.87293713163065,24.630120333988213,0,1,8,4072,Aug
2012-8,Manhattan,2.867993966817496,0,0,20.451493212669682,28.652518853695323,24.5520060331825,0,1,8,3315,Aug
2012-8,Queens,2.709163987138264,0,0,20.525884244372993,28.941077170418005,24.7334807073955,0,4,8,1244,Aug
2012-8,Staten Island,1.7247191011235956,0,0,20.677153558052435,28.82883895131086,24.752996254681648,0,5,8,267,Aug
2012-9,Bronx,3.4128466204506065,0,0,16.081824090121316,24.352426343154246,20.217125216637783,0,2,9,4616,Sep
2012-9,Brooklyn,5.744705585039171,0,0,16.410058124842053,24.246449330300734,20.328253727571393,0,1,9,3957,Sep
2012-9,Manhattan,0.8455082742316785,0,0,16.430338849487786,24.777659574468085,20.603999211977936,0,1,9,2538,Sep
2012-9,Queens,6.144284341978866,0,0,16.14207492795389,24.20960614793468,20.175840537944282,0,4,9,1041,Sep
2012-9,Staten Island,5.071161048689138,0,0,16.39138576779026,24.317977528089887,20.354681647940076,0,5,9,267,Sep
2013-1,Bronx,3.8356856702619413,2.201540832049307,1.9799691833590138,-1.24748844375963,5.2875808936825885,2.0200462249614795,0,2,1,3245,Jan
2013-1,Brooklyn,4.110739030023095,2.904849884526559,1.6397228637413395,-2.9930484988452655,4.2889838337182455,0.64796766743649,0,1,1,4330,Jan
2013-1,Manhattan,2.8432619647355164,1.7707808564231737,0.34634760705289674,-0.7328715365239294,5.419647355163728,2.3433879093198993,0,1,1,1588,Jan
2013-1,Queens,3.3252589641434263,0.999203187250996,0.1593625498007968,-1.761832669322709,4.111155378486056,1.1746613545816733,0,4,1,1255,Jan
2013-1,Staten Island,3.41140350877193,2.5,1.3157894736842106,-1.764035087719298,4.848245614035088,1.5421052631578949,0,5,1,228,Jan
2013-10,Bronx,0.27649122807017545,0,0,12.137149122807017,20.282916666666665,16.21003289473684,0,2,10,4560,Oct
2013-10,Brooklyn,0.3019491525423729,0,0,11.29061440677966,19.315699152542372,15.303156779661016,0,1,10,4720,Oct
2013-10,Manhattan,0.2694015444015444,0,0,10.908462033462033,18.90888030888031,14.908671171171171,0,1,10,3108,Oct
2013-10,Queens,0.2014450867052023,0,0,10.723506743737957,18.51695568400771,14.620231213872833,0,4,10,1038,Oct
2013-10,Staten Island,0.4369627507163324,0,0,11.603724928366763,19.520916905444125,15.562320916905444,0,5,10,349,Oct
2013-11,Bronx,7.074628571428571,0,0,2.156742857142857,10.385485714285714,6.271114285714286,0,2,11,1750,Nov
2013-11,Brooklyn,2.092074592074592,0,0,5.1633449883449885,12.409615384615385,8.786480186480187,0,1,11,1716,Nov
2013-11,Manhattan,2.7860037998733373,0,0,4.589550348321723,11.87382309478573,8.231686721553725,0,1,11,4737,Nov
2013-11,Queens,3.6667401852668724,0,0,3.7992942214380236,11.1,7.449647110719011,0,4,11,2267,Nov
2013-11,Staten Island,3.643538767395626,0,0,2.951093439363817,10.2948310139165,6.622962226640158,0,5,11,503,Nov
2013-12,Bronx,1.9910291438979963,0,18.483606557377048,-0.23324225865209475,6.438752276867031,3.102755009107468,0,2,12,4392,Dec
2013-12,Brooklyn,1.903514376996805,0.8338658146964856,13.833865814696486,0.8779552715654951,7.522523961661341,4.200239616613418,0,1,12,626,Dec
2013-12,Manhattan,1.4581589958158996,0.5941422594142259,11.665271966527197,1.594225941422594,7.77673640167364,4.685481171548117,0,1,12,1195,Dec
2013-12,Queens,2.6398593200468934,2.018757327080891,14.466588511137163,0.6391559202813598,7.5248534583821804,4.08200468933177,0,4,12,853,Dec
2013-12,Staten Island,3.3,0,0.6993006993006993,1.1027972027972026,7.816783216783216,4.459790209790209,0,5,12,143,Dec
2013-2,Bronx,3.326623200217332,9.228470524314046,10.555555555555555,-1.3853844064113012,4.081689758217876,1.3481526759032874,0,2,2,3681,Feb
2013-2,Brooklyn,2.6426159334126043,3.0963139120095122,0,-1.6552913198573127,3.9105112960760997,1.1276099881093935,0,1,2,4205,Feb
2013-2,Manhattan,3.129038196042338,2.9590427979751497,9.037735849056604,-1.2013345605154164,4.504509894155546,1.6515876668200646,0,1,2,2173,Feb
2013-2,Queens,4.3894673123486685,6.937046004842615,9.566585956416464,-0.7452179176755448,4.971670702179177,2.113226392251816,0,4,2,1652,Feb
2013-2,Staten Island,3.4158227848101266,0.6962025316455697,0,-1.789873417721519,4.133544303797469,1.171835443037975,0,5,2,158,Feb
2013-3,Bronx,2.3069138495092694,3.4146128680479824,1.646237731733915,1.3191930207197382,8.139672846237731,4.729432933478735,0,2,3,4585,Mar
2013-3,Brooklyn,1.9334941050375134,3.0685959271168275,2.2684887459807075,0.9860664523043944,7.740782422293676,4.363424437299035,0,1,3,1866,Mar
2013-3,Manhattan,2.8601649970536243,5.919858573954037,1.1420153211549793,0.8907189157336476,7.88140836770772,4.386063641720684,0,1,3,3394,Mar
2013-3,Queens,3.3601032924467398,5.947062621045836,4.313105229180116,1.3724338282763073,8.036152356358942,4.7042930923176245,0,4,3,1549,Mar
2013-3,Staten Island,3.4370786516853933,3.202247191011236,3.294943820224719,1.2896067415730337,8.010393258426966,4.6499999999999995,0,5,3,356,Mar
2013-4,Bronx,1.5583505866114562,0,0,7.735662525879917,16.956608005521048,12.346135265700482,0,2,4,5796,Apr
2013-4,Brooklyn,0.8249770852428965,0,0,7.415261228230981,16.640696608615947,12.027978918423464,0,1,4,2182,Apr
2013-4,Manhattan,1.2095695261690926,0,0,8.271755961598018,17.580551254258285,12.926153607928152,0,1,4,3229,Apr
2013-4,Queens,1.74296,0,0,7.65136,16.83808,12.244720000000001,0,4,4,1250,Apr
2013-4,Staten Island,0.8207729468599034,0,0,8.526811594202899,17.853864734299517,13.190338164251209,0,5,4,414,Apr
2013-5,Bronx,7.533182476466329,0,0,13.155014482259233,23.148189717595944,18.151602099927587,0,2,5,5524,May
2013-5,Brooklyn,3.625654181631606,0,0,12.185890200102616,22.76131349409954,17.47360184710108,0,1,5,1949,May
2013-5,Manhattan,7.07468814968815,0,0,12.394256756756757,22.42414241164241,17.409199584199584,0,1,5,3848,May
2013-5,Queens,5.931597717546363,0,0,12.409700427960058,22.468687589158346,17.439194008559202,0,4,5,1402,May
2013-5,Staten Island,9.436036036036036,0,0,12.092792792792793,22.063063063063062,17.077927927927927,0,5,5,222,May
2013-6,Bronx,4.614996746909564,0,0,19.211223162003904,27.806733897202342,23.508978529603123,0,2,6,3074,Jun
2013-6,Brooklyn,5.728418230563003,0,0,18.4106344950849,26.962109025915996,22.68637176050045,0,1,6,1119,Jun
2013-6,Manhattan,3.716614279299506,0,0,18.804265828468793,27.655231252806466,23.22974854063763,0,1,6,2227,Jun
2013-6,Queens,7.446725663716815,0,0,18.216991150442478,26.389557522123894,22.303274336283188,0,4,6,565,Jun
2013-6,Staten Island,8.426237623762376,0,0,18.855940594059405,27.154950495049505,23.005445544554455,0,5,6,202,Jun
2013-7,Bronx,2.4598837209302324,0,0,22.452079606440073,29.816614490161,26.134347048300537,0,2,7,4472,Jul
2013-7,Brooklyn,2.8413515189088656,0,0,22.821636701797892,30.178363298202108,26.5,0,1,7,1613,Jul
2013-7,Manhattan,2.1231217417969948,0,0,23.068751916590003,30.423091076356947,26.745921496473475,0,1,7,3261,Jul
2013-7,Queens,2.3727272727272726,0,0,22.30120320855615,29.6177807486631,25.959491978609627,0,4,7,748,Jul
2013-7,Staten Island,2.3738636363636365,0,0,22.10378787878788,29.42537878787879,25.764583333333334,0,5,7,264,Jul
2013-8,Bronx,3.2605013692858646,0,0,20.240994312197177,27.86838002949231,24.054687170844744,0,2,8,4747,Aug
2013-8,Brooklyn,3.3488211615871193,0,0,20.32478435882691,27.835825186889018,24.080304772857964,0,1,8,1739,Aug
2013-8,Manhattan,2.5811663991439273,0,0,20.48833600856073,28.145478865703584,24.31690743713216,0,1,8,1869,Aug
2013-8,Queens,3.4601156069364163,0,0,20.359826589595375,27.814836223506745,24.08733140655106,0,4,8,1038,Aug
2013-8,Staten Island,2.881818181818182,0,0,20.155636363636365,28.183636363636364,24.169636363636364,0,5,8,275,Aug
2013-9,Bronx,2.1358216783216784,0,0,15.053321678321678,24.755314685314687,19.904318181818184,0,2,9,5720,Sep
2013-9,Brooklyn,1.9311726576311137,0,0,14.592575132586918,24.607248084855627,19.59991160872127,0,1,9,1697,Sep
2013-9,Manhattan,2.0158465991316934,0,0,14.694428364688857,24.45492040520984,19.574674384949347,0,1,9,4146,Sep
2013-9,Queens,3.3502785515320337,0,0,15.23217270194986,25.19818941504178,20.215181058495823,0,4,9,718,Sep
2013-9,Staten Island,1.9111111111111112,0,0,14.285333333333334,23.72711111111111,19.00622222222222,0,5,9,225,Sep
2014-1,Bronx,2.620263975155279,14.710403726708075,18.1444099378882,-2.774922360248447,4.506366459627329,0.8657220496894409,0,2,1,3864,Jan
2014-1,Brooklyn,1.9929999999999999,14.163333333333334,6.083333333333333,-2.2785,4.141666666666667,0.9315833333333332,0,1,1,600,Jan
2014-1,Manhattan,1.43016157989228,4.671454219030521,25.691202872531417,-2.6935368043087973,4.709156193895871,1.0078096947935369,0,1,1,557,Jan
2014-1,Queens,2.1283916083916083,8.264335664335665,11.762237762237762,-3.217062937062937,3.190769230769231,-0.013146853146853044,0,4,1,715,Jan
2014-1,Staten Island,3.139090909090909,15.8,3.8181818181818183,-2.2754545454545454,5.0581818181818186,1.3913636363636366,0,5,1,110,Jan
2014-10,Bronx,5.004866180048662,0,0,11.925682616923494,18.77266828872668,15.349175452825087,0,2,10,3699,Oct
2014-10,Brooklyn,4.2469367588932805,0,0,12.648616600790515,19.412203557312253,16.030410079051386,0,1,10,2024,Oct
2014-10,Manhattan,2.3931561085972852,0,0,13.549490950226245,20.236029411764704,16.892760180995474,0,1,10,1768,Oct
2014-10,Queens,3.984226804123711,0,0,12.278917525773196,19.20221649484536,15.740567010309277,0,4,10,1940,Oct
2014-10,Staten Island,3.6443935926773454,0,0,12.800686498855836,19.48970251716247,16.145194508009155,0,5,10,437,Oct
2014-11,Bronx,4.143289224952741,0.2008506616257089,0,5.593336483931948,13.344706994328924,9.469021739130437,0,2,11,2116,Nov
2014-11,Brooklyn,5.783351831298557,0.5271920088790233,0,3.7157602663706992,11.245449500554939,7.480604883462819,0,1,11,1802,Nov
2014-11,Manhattan,5.316609261385381,0.269804822043628,0,2.5090700344431687,10.013815537696136,6.261442786069653,0,1,11,2613,Nov
2014-11,Queens,6.376726639582125,0.2959953569355775,0,3.621822402785839,11.410446894950669,7.5161346488682534,0,4,11,1723,Nov
2014-11,Staten Island,4.664385964912281,0.18421052631578946,0,4.345263157894737,11.76421052631579,8.054736842105264,0,5,11,570,Nov
2014-12,Bronx,2.40411171450737,1.1249030256012413,1.582622187742436,1.8661753297129557,6.697517455391776,4.2818463925523655,0,2,12,1289,Dec
2014-12,Brooklyn,1.9569500182415176,0.6840569135352061,0.8974826705581904,2.5325428675665815,7.841517694272164,5.187030280919373,0,1,12,2741,Dec
2014-12,Manhattan,2.9258132045088567,1.1151368760064413,2.2415458937198065,2.01450885668277,6.915314009661836,4.464911433172303,0,1,12,6210,Dec
2014-12,Queens,3.8279489105935385,0.8264462809917356,1.01427498121713,2.146806912096168,6.916228399699474,4.5315176558978205,0,4,12,1331,Dec
2014-12,Staten Island,2.0386473429951693,1.570048309178744,1.4492753623188406,1.1975845410628019,6.652657004830918,3.92512077294686,0,5,12,207,Dec
2014-2,Bronx,0.9245511669658887,0.7782764811490126,231.01436265709157,-5.3228007181328545,1.8563734290843807,-1.7332136445242368,0,2,2,2228,Feb
2014-2,Brooklyn,0.9171919770773639,0.6017191977077364,214.64183381088824,-4.41404011461318,3.4575931232091692,-0.4782234957020055,0,1,2,349,Feb
2014-2,Manhattan,0.4335246842709529,0.3559127439724455,195.097588978186,-5.2701492537313435,2.46337543053961,-1.4033869115958668,0,1,2,871,Feb
2014-2,Queens,0.7168421052631578,0.9236842105263158,215.6578947368421,-5.689210526315789,1.4713157894736844,-2.1089473684210525,0,4,2,380,Feb
2014-2,Staten Island,0.6704545454545454,3.159090909090909,190.9090909090909,-4.502272727272727,3.184090909090909,-0.659090909090909,0,5,2,44,Feb
2014-3,Bronx,2.002391600233327,0.10266381489403072,23.10519152245771,-2.3236048998638927,6.564300991639121,2.1203480458876145,0,2,3,5143,Mar
2014-3,Brooklyn,2.3589483119211234,0.06453540484015537,14.191813564386017,-1.9796534209740067,7.422826411711981,2.721586495368987,0,1,3,3347,Mar
2014-3,Manhattan,1.8081864356139827,0.035853002688975205,27.938452345383926,-2.7508515088138634,6.183388108754108,1.7162682999701222,0,1,3,3347,Mar
2014-3,Queens,2.030199613650998,0.09079201545396008,30.424983902124918,-2.3973599484868,6.799549259497746,2.201094655505473,0,4,3,1553,Mar
2014-3,Staten Island,2.409879518072289,0.05060240963855422,14.506024096385541,-2.516385542168675,6.871084337349398,2.1773493975903615,0,5,3,415,Mar
2014-4,Bronx,5.871744,0,0,5.97536,15.620144,10.797752,0,2,4,6250,Apr
2014-4,Brooklyn,5.628818200969033,0,0,5.963829787234043,15.399936802190856,10.68188329471245,0,1,4,4747,Apr
2014-4,Manhattan,4.502825,0,0,6.422025,16.16575,11.2938875,0,1,4,4000,Apr
2014-4,Queens,8.067994939911449,0,0,6.017836812144212,15.551170145477546,10.78450347881088,0,4,4,1581,Apr
2014-4,Staten Island,2.6060115606936414,0,0,5.816416184971098,15.118034682080925,10.46722543352601,0,5,4,865,Apr
2014-5,Bronx,3.867389200696729,0,0,12.729185213857171,21.963479775498357,17.346332494677764,0,2,5,5167,May
2014-5,Brooklyn,4.634913793103449,0,0,13.009946949602123,22.075928381962864,17.542937665782492,0,1,5,3016,May
2014-5,Manhattan,5.482020268061458,0,0,12.926054266100033,21.813893429225235,17.369973847662635,0,1,5,3059,May
2014-5,Queens,4.912958435207824,0,0,12.949144254278728,21.836267318663406,17.39270578647107,0,4,5,1227,May
2014-5,Staten Island,3.99699863574352,0,0,12.559481582537517,22.135470668485677,17.347476125511598,0,5,5,733,May
2014-6,Bronx,4.049111549851925,0,0,18.35533070088845,26.86391905231984,22.609624876604144,0,2,6,2026,Jun
2014-6,Brooklyn,3.5852061170212766,0,0,18.674135638297873,26.913198138297872,22.79366688829787,0,1,6,3008,Jun
2014-6,Manhattan,4.701514280237684,0,0,18.637109449875407,26.782672033735864,22.709890741805637,0,1,6,5217,Jun
2014-6,Queens,4.899009900990099,0,0,18.82450495049505,26.998700495049505,22.91160272277228,0,4,6,1616,Jun
2014-6,Staten Island,2.862127659574468,0,0,19.156170212765957,27.321702127659574,23.238936170212767,0,5,6,235,Jun
2014-7,Bronx,3.59746233148295,0,0,20.74232751784298,29.028469468675656,24.885398493259316,0,2,7,5044,Jul
2014-7,Brooklyn,6.5077000334784065,0,0,20.91479745564111,29.49782390358219,25.20631067961165,0,1,7,2987,Jul
2014-7,Manhattan,6.179453681710214,0,0,20.43733174980206,29.01128266033254,24.724307205067298,0,1,7,2526,Jul
2014-7,Queens,7.382822085889571,0,0,20.82415644171779,29.545628834355828,25.184892638036807,0,4,7,1304,Jul
2014-7,Staten Island,7.885129310344828,0,0,20.712931034482757,29.505172413793105,25.10905172413793,0,5,7,464,Jul
2014-8,Bronx,1.5084531439459554,0,0,19.40756972111554,28.185640048501647,23.796604884808595,0,2,8,5773,Aug
2014-8,Brooklyn,1.444403892944039,0,0,19.418613138686133,28.415896188158964,23.917254663422547,0,1,8,2466,Aug
2014-8,Manhattan,1.5207112281857096,0,0,19.04981890023049,28.521205136648007,23.78551201843925,0,1,8,3037,Aug
2014-8,Queens,1.5040745052386495,0,0,19.255762514551805,28.19289871944121,23.724330616996507,0,4,8,859,Aug
2014-8,Staten Island,1.271628910463862,0,0,18.39039913700108,27.75275080906149,23.071574973031282,0,5,8,927,Aug
2014-9,Bronx,0.475430277485072,0,0,17.399789251844048,25.262978573937477,21.331383912890765,0,2,9,5694,Sep
2014-9,Brooklyn,0.7017155756207675,0,0,17.07119638826185,25.011241534988713,21.041218961625283,0,1,9,2215,Sep
2014-9,Manhattan,0.482773631840796,0,0,18.128731343283583,26.459141791044775,22.29393656716418,0,1,9,1608,Sep
2014-9,Queens,0.5802378774016469,0,0,16.44931381518756,24.597255260750227,20.52328453796889,0,4,9,1093,Sep
2014-9,Staten Island,0.8676775147928995,0,0,17.0478550295858,24.96619822485207,21.007026627218934,0,5,9,1352,Sep
2015-1,Bronx,1.8405052512063582,13.72353108146466,25.092250922509226,-4.897104740278172,2.179222253760999,-1.3589412432585863,0,2,1,3523,Jan
2015-1,Brooklyn,0.9303785780240074,3.7054478301015696,4.339796860572484,-4.67072945521699,2.774330563250231,-0.9481994459833796,0,1,1,1083,Jan
2015-1,Manhattan,1.2978428351309708,10.964560862865948,10.12326656394453,-4.275693374422188,3.419260400616333,-0.42821648690292746,0,1,1,2596,Jan
2015-1,Queens,0.9769386378961564,2.1105866486850977,2.609575185434929,-4.4563047875927175,2.145650708024275,-1.1553270397842212,0,4,1,1483,Jan
2015-1,Staten Island,1.3641666666666665,5.783333333333333,2.5,-3.1075,2.37,-0.3687499999999999,0,5,1,120,Jan
2015-10,Bronx,3.260575205430511,0,0,11.4,19.450250089317613,15.425125044658806,0,2,10,5598,Oct
2015-10,Brooklyn,3.2776886035313004,0,0,11.355484216158374,19.743124665596575,15.549304440877474,0,1,10,1869,Oct
2015-10,Manhattan,3.7636334301387544,0,0,10.750145208131656,18.846369796708615,14.798257502420135,0,1,10,3099,Oct
2015-10,Queens,3.594131455399061,0,0,11.035093896713615,19.394483568075117,15.214788732394366,0,4,10,852,Oct
2015-10,Staten Island,5.430373831775701,0,0,10.497196261682243,18.27429906542056,14.385747663551403,0,5,10,214,Oct
2015-11,Bronx,2.9329840438199573,0,0,8.548606811145511,15.325077399380806,11.936842105263159,0,2,11,4199,Nov
2015-11,Brooklyn,2.1617886178861787,0,0,8.425338753387534,15.291260162601626,11.85829945799458,0,1,11,1476,Nov
2015-11,Manhattan,1.6081719597211463,0,0,8.776026336173508,15.71862896979086,12.247327652982184,0,1,11,2582,Nov
2015-11,Queens,3.0532679738562094,0,0,8.009041394335512,14.691503267973857,11.350272331154684,0,4,11,918,Nov
2015-11,Staten Island,1.0074074074074073,0,0,8.86604938271605,15.460493827160494,12.163271604938272,0,5,11,162,Nov
2015-12,Bronx,5.522356091030789,0,0,7.482797858099063,13.492402945113788,10.487600401606425,0,2,12,2988,Dec
2015-12,Brooklyn,5.527091795288383,0,0,7.201949634443542,13.394963444354184,10.298456539398863,0,1,12,2462,Dec
2015-12,Manhattan,6.359827734711455,0,0,7.436640826873385,13.488130921619293,10.462385874246339,0,1,12,5805,Dec
2015-12,Queens,5.584861407249467,0,0,7.765955934612651,14.236673773987206,11.00131485429993,0,4,12,1407,Dec
2015-12,Staten Island,4.399404761904762,0,0,9.082142857142857,14.508333333333333,11.795238095238094,0,5,12,168,Dec
2015-2,Bronx,0.15621285791464073,0.457590491626148,235.35386277687735,-7.891680172879525,1.6113992436520799,-3.1401404646137223,0,2,2,3702,Feb
2015-2,Brooklyn,0.04326530612244898,0.34285714285714286,245.9387755102041,-8.323877551020407,1.4989795918367346,-3.4124489795918365,0,1,2,490,Feb
2015-2,Manhattan,0.5020102651839179,3.5825491873396067,231.88622754491018,-7.267279726261762,1.3036355859709154,-2.9818220701454234,0,1,2,2338,Feb
2015-2,Queens,0.083852140077821,0.3239299610894942,227.69455252918289,-7.71284046692607,1.546206225680934,-3.083317120622568,0,4,2,1028,Feb
2015-2,Staten Island,0,0,268.13953488372096,-7.102325581395349,1.2488372093023257,-2.9267441860465118,0,5,2,43,Feb
2015-3,Bronx,3.3928908165189515,9.549688855364888,78.29153309447483,0.36579294738827073,8.43349047708844,4.399641712238355,0,2,3,5303,Mar
2015-3,Brooklyn,3.387403400309119,8.2967542503864,85.32457496136013,0.8023183925811437,8.631221020092736,4.71676970633694,0,1,3,1294,Mar
2015-3,Manhattan,3.342857142857143,8.15173203549957,75.64843973661608,0.0955911823647294,8.101431434297165,4.098511308330948,0,1,3,3493,Mar
2015-3,Queens,3.2562266167824694,7.690005344735436,101.62479957242117,0.299946552645644,8.207482629609833,4.253714591127738,0,4,3,1871,Mar
2015-3,Staten Island,2.8727272727272726,10.090909090909092,36.81818181818182,0.06753246753246749,8.76038961038961,4.413961038961039,0,5,3,154,Mar
2015-4,Bronx,2.501157201353035,0,0,7.650952465729037,16.30252803987894,11.976740252803989,0,2,4,5617,Apr
2015-4,Brooklyn,1.2707759489418877,0,0,8.717433658045012,18.010278804165267,13.363856231105139,0,1,4,2977,Apr
2015-4,Manhattan,0.9749555047037884,0,0,7.269997457411645,16.4116196287821,11.840808543096871,0,1,4,3933,Apr
2015-4,Queens,2.9118922085530166,0,0,8.719390743995314,17.60099589923843,13.160193321616873,0,4,4,1707,Apr
2015-4,Staten Island,1.4784860557768924,0,0,7.9593625498007965,16.601195219123507,12.280278884462152,0,5,4,251,Apr
2015-5,Bronx,0.20002535496957405,0,0,14.905223123732252,25.235294117647058,20.070258620689657,0,2,5,3944,May
2015-5,Brooklyn,0.07121836374337846,0,0,14.829075927015891,25.395114773396116,20.112095350206005,0,1,5,3398,May
2015-5,Manhattan,0.07101414528889954,0,0,14.912586909614001,25.440949412610884,20.17676816111244,0,1,5,4171,May
2015-5,Queens,0.048615800135043886,0,0,16.197771775827142,27.15651586765699,21.677143821742064,0,4,5,1481,May
2015-5,Staten Island,0.17857142857142858,0,0,16.652380952380952,26.261309523809523,21.456845238095237,0,5,5,168,May
2015-6,Bronx,2.0343702960361263,0,0,18.49857835758488,26.83025589563472,22.6644171266098,0,2,6,5979,Jun
2015-6,Brooklyn,2.5997155858930605,0,0,17.189931740614334,24.96660978384528,21.078270762229806,0,1,6,1758,Jun
2015-6,Manhattan,2.384179758860066,0,0,17.286664230909754,25.33299232736573,21.30982827913774,0,1,6,2737,Jun
2015-6,Queens,3.1014691478942216,0,0,17.56875612144956,25.44054848188051,21.504652301665033,0,4,6,1021,Jun
2015-6,Staten Island,2.172623574144487,0,0,17.732699619771864,25.874144486692018,21.80342205323194,0,5,6,263,Jun
2015-7,Bronx,3.7189526184538653,0,0,22.25393658710367,29.964873530459567,26.10940505878162,0,2,7,5614,Jul
2015-7,Brooklyn,4.665005417118093,0,0,22.26462621885157,29.879089924160347,26.071858071505957,0,1,7,1846,Jul
2015-7,Manhattan,3.296219281663516,0,0,22.32224322621298,30.101858853182105,26.212051039697542,0,1,7,3174,Jul
2015-7,Queens,4.0364620938628155,0,0,22.100361010830326,29.80938628158845,25.954873646209386,0,4,7,831,Jul
2015-7,Staten Island,4.1608996539792384,0,0,22.053287197231835,29.716262975778548,25.884775086505194,0,5,7,289,Jul
2015-8,Bronx,2.696036704412339,0,0,21.949980476376414,30.402128074970715,26.176054275673565,0,2,8,5122,Aug
2015-8,Brooklyn,2.2691016333938294,0,0,21.869192377495462,30.42540834845735,26.147300362976406,0,1,8,2204,Aug
2015-8,Manhattan,1.3187679671457906,0,0,21.596837782340863,30.469691991786448,26.033264887063655,0,1,8,2435,Aug
2015-8,Queens,2.4765277777777777,0,0,21.840694444444445,30.487361111111113,26.16402777777778,0,4,8,720,Aug
2015-8,Staten Island,2.940816326530612,0,0,21.82081632653061,30.417551020408165,26.119183673469387,0,5,8,245,Aug
2015-9,Bronx,4.82956469165659,0,0,19.95910923014913,29.001269649334947,24.48018943974204,0,2,9,4962,Sep
2015-9,Brooklyn,3.055769230769231,0,0,19.11014423076923,28.31923076923077,23.7146875,0,1,9,2080,Sep
2015-9,Manhattan,3.138015322874863,0,0,19.729478292593942,28.649762860269973,24.189620576431956,0,1,9,2741,Sep
2015-9,Queens,3.4135040745052385,0,0,19.723981373690336,28.613853317811408,24.16891734575087,0,4,9,859,Sep
2015-9,Staten Island,5.9246835443037975,0,0,18.093670886075948,26.694303797468354,22.393987341772153,0,5,9,158,Sep
2016-1,Bronx,0.04682024659312135,0.25794938351719665,23.121349772874755,-3.3629785853341985,4.22874756651525,0.4328844905905258,0,2,1,3082,Jan
2016-1,Brooklyn,0.3996567505720824,0.34324942791762014,15.05720823798627,-3.1779176201372996,4.194965675057208,0.5085240274599543,0,1,1,1748,Jan
2016-1,Manhattan,0.021357615894039735,0.35596026490066224,23.561442236938927,-3.644885945548197,3.8611846946284034,0.1081493745401032,0,1,1,5436,Jan
2016-1,Queens,0.019966722129783693,0.33277870216306155,23.544093178036604,-3.894009983361065,3.9296173044925125,0.01780366056572369,0,4,1,601,Jan
2016-1,Staten Island,0.5656716417910448,0.32338308457711445,6.7164179104477615,-2.0223880597014925,5.033333333333333,1.5054726368159204,0,5,1,201,Jan
2016-10,Bronx,2.161846318036286,0,0,11.032363927427962,18.482710779082176,14.757537353255069,0,2,10,3748,Oct
2016-10,Brooklyn,3.1522469714732315,0,0,10.615084017194217,18.22000781555295,14.417545916373584,0,1,10,2559,Oct
2016-10,Manhattan,2.928297297297297,0,0,11.844878378378379,19.233945945945944,15.539412162162161,0,1,10,7400,Oct
2016-10,Queens,1.593888888888889,0,0,12.51925925925926,19.799351851851853,16.159305555555555,0,4,10,2160,Oct
2016-10,Staten Island,1.0317073170731708,0,0,11.211280487804878,19.583231707317072,15.397256097560975,0,5,10,328,Oct
2016-11,Bronx,5.1028813254096885,0,0,6.7361966504592115,13.514478660183684,10.125337655321449,0,2,11,5553,Nov
2016-11,Brooklyn,3.350903119868637,0,0,6.6035577449370555,13.188834154351396,9.896195949644225,0,1,11,3654,Nov
2016-11,Manhattan,4.968036461446503,0,0,6.974611476389719,13.75403466826061,10.364323072325165,0,1,11,6692,Nov
2016-11,Queens,7.220142421159715,0,0,6.765208545269583,13.566327568667345,10.165768056968464,0,4,11,983,Nov
2016-11,Staten Island,2.4700361010830325,0,0,6.994223826714801,14.410108303249098,10.702166064981949,0,5,11,277,Nov
2016-12,Bronx,2.064503284889508,0,0,0.9140155285685846,6.703105713716902,3.8085606211427434,0,2,12,5023,Dec
2016-12,Brooklyn,2.0786464410735124,0,0,1.034772462077013,6.7994554647996885,3.917113963438351,0,1,12,2571,Dec
2016-12,Manhattan,1.9053917824957995,0,0,1.308064762486635,7.261570184817473,4.284817473652054,0,1,12,6547,Dec
2016-12,Queens,1.9874360432063671,0,0,-0.036782262649232456,6.027231381466742,2.9952245594087548,0,4,12,1759,Dec
2016-12,Staten Island,2.07445652173913,0,0,1.2815217391304348,7.0630434782608695,4.172282608695652,0,5,12,184,Dec
2016-2,Bronx,3.5337329177655237,1.7067849436585951,2.984895708463198,0.5075041956365379,7.59815391992328,4.052829057779909,0,2,2,4171,Feb
2016-2,Brooklyn,3.333621262458472,1.2514950166112957,2.5282392026578075,0.768172757475083,8.028039867109635,4.398106312292359,0,1,2,3010,Feb
2016-2,Manhattan,4.511254131153244,1.567403026613324,3.779787789180727,0.9370325273960688,8.425326143677161,4.681179335536615,0,1,2,5749,Feb
2016-2,Queens,3.4376968503937007,0.8503937007874016,1.889763779527559,-0.3803149606299213,6.701771653543307,3.160728346456693,0,4,2,1016,Feb
2016-2,Staten Island,4.242301710730948,1.5116640746500778,0.9020217729393468,-0.6137636080870918,5.8165629860031105,2.6013996889580095,0,5,2,1286,Feb
2016-3,Bronx,1.186447959382933,0.8687756297598126,0,5.199628978715094,15.357371607107988,10.278500292911541,0,2,3,5121,Mar
2016-3,Brooklyn,0.9818524628800377,0.8095687013905256,0,5.5340325241574355,15.785623379684186,10.65982795192081,0,1,3,4243,Mar
2016-3,Manhattan,1.177199184228416,0.9847722637661455,0,5.213976886471788,15.355472467709042,10.284724677090415,0,1,3,7355,Mar
2016-3,Queens,1.3204329004329005,1.393939393939394,0,4.610995670995671,14.134458874458874,9.372727272727273,0,4,3,1155,Mar
2016-3,Staten Island,1.4867313915857605,1.8640776699029127,0,4.693851132686084,14.887702265372168,9.790776699029125,0,5,3,309,Mar
2016-4,Bronx,1.1291153736043515,0,0,7.538362439164042,17.27744059547667,12.407901517320356,0,2,4,3493,Apr
2016-4,Brooklyn,1.5164473684210527,0,0,6.785394736842106,16.61203947368421,11.698717105263157,0,1,4,3040,Apr
2016-4,Manhattan,1.4284200196270853,0,0,6.995897939156036,16.374367026496564,11.685132482826301,0,1,4,5095,Apr
2016-4,Queens,1.2439252336448599,0,0,7.653115264797508,17.85202492211838,12.752570093457944,0,4,4,1284,Apr
2016-4,Staten Island,1.067871485943775,0,0,7.812048192771084,17.64377510040161,12.727911646586346,0,5,4,249,Apr
2016-5,Bronx,1.7023237179487178,0,0,13.166446314102565,22.337820512820514,17.75213341346154,0,2,5,4992,May
2016-5,Brooklyn,1.917542070372259,0,0,12.630137684854667,21.370729219785822,17.000433452320244,0,1,5,1961,May
2016-5,Manhattan,1.7268733072524827,0,0,12.048690941919952,21.114083659343965,16.58138730063196,0,1,5,3323,May
2016-5,Queens,1.9963780418788908,0,0,11.89202037351443,20.420713073005093,16.15636672325976,0,4,5,1767,May
2016-5,Staten Island,2.413744075829384,0,0,11.610900473933649,20.40473933649289,16.00781990521327,0,5,5,211,May
2016-6,Bronx,1.3406794814483685,0,0,16.802726866338848,26.309745194456863,21.556236030397855,0,2,6,4474,Jun
2016-6,Brooklyn,1.383851753805427,0,0,17.797452018530773,27.000363997352746,22.39890800794176,0,1,6,3022,Jun
2016-6,Manhattan,1.503125,0,0,17.321533203125,26.2828369140625,21.80218505859375,0,1,6,4096,Jun
2016-6,Queens,1.3501002004008016,0,0,17.343386773547095,27.086072144288575,22.214729458917837,0,4,6,998,Jun
2016-6,Staten Island,1.3940251572327045,0,0,17.39874213836478,26.69182389937107,22.045283018867927,0,5,6,318,Jun
2016-7,Bronx,5.5146006655574045,0,0,21.99835690515807,31.050291181364393,26.52432404326123,0,2,7,4808,Jul
2016-7,Brooklyn,5.660701203558347,0,0,22.11266352694924,30.840763997906855,26.476713762428048,0,1,7,3822,Jul
2016-7,Manhattan,5.291708889912482,0,0,22.167457392906496,30.962551819438048,26.565004606172273,0,1,7,4342,Jul
2016-7,Queens,5.986951631046119,0,0,22.027896512935882,30.751631046119236,26.38976377952756,0,4,7,889,Jul
2016-7,Staten Island,6.272873563218391,0,0,21.60942528735632,29.858620689655172,25.734022988505746,0,5,7,435,Jul
2016-8,Bronx,1.0665059466409514,0,0,21.749517839922856,29.59864995178399,25.67408389585342,0,2,8,6222,Aug
2016-8,Brooklyn,0.8274678111587982,0,0,21.916523605150214,30.147026364193746,26.03177498467198,0,1,8,3262,Aug
2016-8,Manhattan,0.5420003984857541,0,0,21.7842797369994,29.79896393703925,25.791621837019328,0,1,8,5019,Aug
2016-8,Queens,0.691638795986622,0,0,21.864682274247492,30.24675585284281,26.05571906354515,0,4,8,1495,Aug
2016-8,Staten Island,0.7033033033033033,0,0,21.802702702702703,29.92072072072072,25.861711711711713,0,5,8,333,Aug
2016-9,Bronx,3.3229078868151714,0,0,17.864268512944008,25.690758579169174,21.77751354605659,0,2,9,3322,Sep
2016-9,Brooklyn,2.870425321463897,0,0,18.613979558193208,26.535839103198153,22.574909330695682,0,1,9,3033,Sep
2016-9,Manhattan,3.4892054794520546,0,0,17.734164383561644,25.72331506849315,21.7287397260274,0,1,9,7300,Sep
2016-9,Queens,2.7733181299885974,0,0,17.95176738882554,25.842474344355757,21.897120866590647,0,4,9,3508,Sep
2016-9,Staten Island,0.976774193548387,0,0,19.058494623655914,27.186236559139786,23.122365591397852,0,5,9,465,Sep
2017-1,Bronx,5.675931336742147,2.220598977355734,3.389335281227173,1.8802045288531775,7.3505113221329434,4.61535792549306,0,2,1,5476,Jan
2017-1,Brooklyn,5.5501568291987455,2.9669232962646137,2.6746506986027945,1.8292272597661818,7.155945252352438,4.49258625605931,0,1,1,3507,Jan
2017-1,Manhattan,5.302068173113749,2.4881909868505043,7.3164815524064855,1.5379037405847058,7.649597855227882,4.593750797906294,0,1,1,7833,Jan
2017-1,Queens,5.186836027713626,2.153579676674365,5.4734411085450345,1.6240184757505773,7.1633371824480365,4.393677829099307,0,4,1,1732,Jan
2017-1,Staten Island,2.5384313725490197,3.4248366013071894,1.6862745098039216,1.8833986928104576,7.708366013071895,4.7958823529411765,0,5,1,765,Jan
2017-10,Bronx,0.6275038920601972,0,0,12.956305137519461,21.506244594360837,17.23127486594015,0,2,10,5781,Oct
2017-10,Brooklyn,0.9531706712905623,0,0,12.512212038642556,20.395739410453306,16.45397572454793,0,1,10,8074,Oct
2017-10,Manhattan,0.6457200402819738,0,0,12.471227161559488,20.796360235937275,16.63379369874838,0,1,10,6951,Oct
2017-10,Queens,0.8393103448275862,0,0,12.41320197044335,20.463251231527092,16.43822660098522,0,4,10,1015,Oct
2017-10,Staten Island,11.375061124694376,0,0,13.091687041564793,20.628117359413203,16.859902200488996,0,5,10,409,Oct
2017-11,Bronx,0.7097799511002445,0,0,4.370584916306187,12.754278728606357,8.562431822456272,0,2,11,5317,Nov
2017-11,Brooklyn,0.6477970878346642,0,0,4.508398309065289,12.972127759511508,8.740263034288398,0,1,11,10645,Nov
2017-11,Manhattan,0.5922505650629641,0,0,5.016919599612528,13.388924765902486,9.202922182757508,0,1,11,6194,Nov
2017-11,Queens,0.7040586245772266,0,0,4.859075535512965,13.417587373167981,9.138331454340474,0,4,11,887,Nov
2017-11,Staten Island,1.0527777777777778,0,0,3.6186507936507937,12.32857142857143,7.973611111111111,0,5,11,252,Nov
2017-12,Bronx,1.6655289598108747,1.6578014184397163,4.250886524822695,1.2443853427895981,7.49113475177305,4.367760047281324,0,2,12,6768,Dec
2017-12,Brooklyn,1.6728347958794354,1.6222815719191148,4.162533384204502,0.9732290474373649,7.0060282334986645,3.989628640468015,0,1,12,7863,Dec
2017-12,Manhattan,1.5840800347977382,1.4132231404958677,3.9995650282731625,0.4659634623749457,6.715332753371031,3.5906481078729886,0,1,12,4598,Dec
2017-12,Queens,1.7869595536959555,2.2384937238493725,6.283124128312413,0.848884239888424,6.211924686192469,3.5304044630404463,0,4,12,1434,Dec
2017-12,Staten Island,0.2942307692307692,3.4615384615384617,4.663461538461538,-0.34759615384615383,5.456730769230769,2.5545673076923077,0,5,12,208,Dec
2017-2,Bronx,0.49184989254422223,0,5.149611506034055,2.2158703918002973,9.66634154405687,5.941105967928584,0,2,2,6049,Feb
2017-2,Brooklyn,0.37604917337855026,0,4.631199660873251,2.1854175498092414,9.54175498092412,5.86358626536668,0,1,2,4718,Feb
2017-2,Manhattan,0.7008154084071418,2.04962744271053,6.159145227049065,2.1008857022353435,9.529818641923239,5.815352172079291,0,1,2,7113,Feb
2017-2,Queens,0.4929288103201147,0,5.3989488772097465,2.4124223602484474,9.459722885809843,5.936072623029145,0,4,2,2093,Feb
2017-2,Staten Island,0.45934684684684685,0,7.9391891891891895,3.154391891891892,10.815653153153153,6.985022522522523,0,5,2,888,Feb
2017-3,Bronx,2.419421780773324,2.0117062788222775,0.04079460801702731,2.3185526782547003,11.506970556935084,6.912761617594892,0,2,3,5638,Mar
2017-3,Brooklyn,3.4078344419807833,2.1106183789110617,0.02463661000246366,1.3817935452081793,10.860064055186006,6.120928800197093,0,1,3,4059,Mar
2017-3,Manhattan,3.004953400069037,1.0610976872626856,2.5819813600276147,2.599482222989299,11.988660683465655,7.2940714532274775,0,1,3,5794,Mar
2017-3,Queens,3.8053463855421685,2.214984939759036,0.04894578313253012,1.787161144578313,11.221234939759036,6.5041980421686745,0,4,3,2656,Mar
2017-3,Staten Island,3.916184573002755,0.25550964187327824,5.550964187327824,1.9072314049586776,11.087534435261707,6.4973829201101925,0,5,3,1452,Mar
2017-4,Bronx,4.693193629505449,0,0,10.048365465213747,18.023134953897735,14.03575020955574,0,2,4,5965,Apr
2017-4,Brooklyn,4.1684594031922275,0,0,9.918459403192228,17.95447605829285,13.936467730742539,0,1,4,2882,Apr
2017-4,Manhattan,4.2593685831622174,0,0,9.824717659137578,17.972651437371663,13.898684548254622,0,1,4,7792,Apr
2017-4,Queens,5.795624430264358,0,0,9.97319963536919,17.565086599817683,13.769143117593437,0,4,4,3291,Apr
2017-4,Staten Island,7.801170960187354,0,0,8.780093676814989,16.859484777517565,12.819789227166277,0,5,4,427,Apr
2017-5,Bronx,3.1485436893203884,0,0,11.905472197705208,20.12769196822595,16.016582082965577,0,2,5,4532,May
2017-5,Brooklyn,3.4112756647593403,0,0,12.48337260181757,20.77381353079771,16.62859306630764,0,1,5,2971,May
2017-5,Manhattan,3.8942597041345306,0,0,11.95809836894677,19.8977241117714,15.927911240359084,0,1,5,7909,May
2017-5,Queens,4.219214501510574,0,0,12.191268882175226,20.27178247734139,16.231525679758306,0,4,5,3310,May
2017-5,Staten Island,4.51063122923588,0,0,13.41328903654485,21.561461794019934,17.487375415282393,0,5,5,301,May
2017-6,Bronx,1.956716845878136,0,0,17.772186379928314,25.8695770609319,21.82088172043011,0,2,6,6975,Jun
2017-6,Brooklyn,2.5257662337662334,0,0,18.696363636363635,26.866025974025973,22.781194805194804,0,1,6,3850,Jun
2017-6,Manhattan,2.4564676616915424,0,0,17.340400936494,25.473836698858648,21.407118817676324,0,1,6,6834,Jun
2017-6,Queens,4.390981798124655,0,0,18.68792057363486,26.721318257032543,22.704619415333703,0,4,6,3626,Jun
2017-6,Staten Island,2.3436746987951804,0,0,18.69789156626506,26.10963855421687,22.403765060240964,0,5,6,332,Jun
2017-7,Bronx,1.9635303265940902,0,0,21.267698289269052,28.884230171073096,25.075964230171074,0,2,7,6430,Jul
2017-7,Brooklyn,3.666193944039862,0,0,21.437562284400155,28.9146032962821,25.176082790341127,0,1,7,2609,Jul
2017-7,Manhattan,3.2804478764478766,0,0,21.256324324324325,28.880200772200773,25.06826254826255,0,1,7,6475,Jul
2017-7,Queens,3.8053846153846154,0,0,21.17888888888889,28.346923076923076,24.762905982905984,0,4,7,1170,Jul
2017-7,Staten Island,2.9465324384787475,0,0,20.574049217002237,28.395302013422818,24.484675615212527,0,5,7,447,Jul
2017-8,Bronx,2.427579250720461,0,0,19.599870317002882,27.451599423631123,23.525734870317002,0,2,8,6940,Aug
2017-8,Brooklyn,2.3336346516007533,0,0,19.381337099811677,27.22613935969868,23.30373822975518,0,1,8,5310,Aug
2017-8,Manhattan,3.048940359004053,0,0,19.653039953676895,27.54646207295889,23.599751013317892,0,1,8,8635,Aug
2017-8,Queens,3.380498664292075,0,0,19.53054318788958,27.428317008014247,23.479430097951912,0,4,8,1123,Aug
2017-8,Staten Island,3.2093506493506494,0,0,19.82935064935065,27.376103896103896,23.60272727272727,0,5,8,385,Aug
2017-9,Bronx,0.8291893573984751,0,0,18.09033763808931,25.985389761941807,22.037863700015556,0,2,9,6427,Sep
2017-9,Brooklyn,0.8560334920374323,0,0,18.205155146938107,26.09829256279757,22.15172385486784,0,1,9,6091,Sep
2017-9,Manhattan,0.958609362168081,0,0,17.58612099644128,25.486764303312345,21.53644264987681,0,1,9,7306,Sep
2017-9,Queens,0.9108108108108107,0,0,17.944289450741064,25.737837837837837,21.84106364428945,0,4,9,1147,Sep
2017-9,Staten Island,1.2064814814814815,0,0,18.387037037037036,25.76820987654321,22.07762345679012,0,5,9,324,Sep
2018-1,Bronx,1.7807258834765998,1.7887297039159502,23.060171919770774,-2.241585482330468,5.446189111747851,1.6023018147086916,0,2,1,5235,Jan
2018-1,Brooklyn,1.67327726132507,2.232256160543013,19.896709458462446,-2.256308100929615,5.40597609561753,1.5748339973439573,0,1,1,6777,Jan
2018-1,Manhattan,1.2767415364583332,1.6778971354166667,22.923177083333332,-2.7242838541666665,4.860286458333333,1.0680013020833334,0,1,1,6144,Jan
2018-1,Queens,0.9586580086580087,1.576839826839827,47.316017316017316,-3.6677489177489178,3.9475108225108224,0.13988095238095233,0,4,1,924,Jan
2018-1,Staten Island,3.0827868852459015,2.4836065573770494,24.75409836065574,-0.5180327868852459,7.2655737704918035,3.373770491803279,0,5,1,122,Jan
2018-10,Bronx,2.6921279730583034,0,0,12.192085876657545,19.06061881709114,15.626352346874341,0,2,10,4751,Oct
2018-10,Brooklyn,3.123773253259118,0,0,12.134304965577853,18.923319173868464,15.528812069723159,0,1,10,6827,Oct
2018-10,Manhattan,2.1311414745232,0,0,11.283034443495588,18.154910333048676,14.718972388272132,0,1,10,7026,Oct
2018-10,Queens,2.323809523809524,0,0,11.136755952380952,17.921130952380953,14.528943452380952,0,4,10,1344,Oct
2018-10,Staten Island,2.8126279863481227,0,0,10.03174061433447,17.264505119453926,13.648122866894198,0,5,10,293,Oct
2018-11,Bronx,5.9114332380563495,8.086770110249082,0.030624744793793384,4.946835443037974,10.30430788076766,7.625571661902817,0,2,11,4898,Nov
2018-11,Brooklyn,6.3230346775458965,8.107798525027459,5.217323081751138,5.1247764004393535,10.422014749725404,7.773395575082379,0,1,11,6373,Nov
2018-11,Manhattan,6.465051258154706,7.722118670394532,3.6191363777570675,4.716418142280212,9.998105001553277,7.3572615719167445,0,1,11,6438,Nov
2018-11,Queens,6.249784296807593,6.750647109577222,3.7100949094046594,6.2257118205349435,11.337877480586712,8.781794650560828,0,4,11,1159,Nov
2018-11,Staten Island,6.993103448275862,6.245210727969349,3.4482758620689653,4.854406130268199,10.281609195402298,7.568007662835249,0,5,11,261,Nov
2018-12,Bronx,3.446692836113837,0,0,0.9061040235525024,6.761472031403336,3.8337880274779192,0,2,12,5095,Dec
2018-12,Brooklyn,3.757429103251943,0,0,1.3581846052775648,7.489039745976131,4.423612175626848,0,1,12,9133,Dec
2018-12,Manhattan,4.7917287894923675,0,0,1.1770441367885456,7.217749378771743,4.197396757780145,0,1,12,8451,Dec
2018-12,Queens,3.136987818383167,0,0,0.9395348837209302,6.884163898117387,3.9118493909191585,0,4,12,903,Dec
2018-12,Staten Island,4.935632183908046,0,0,1.067816091954023,7.165517241379311,4.116666666666667,0,5,12,174,Dec
2018-2,Bronx,1.2592869269949065,0.06400679117147708,0,1.5030899830220714,10.722682512733446,6.112886247877759,0,2,2,5890,Feb
2018-2,Brooklyn,1.7628176723576177,0.5330379251922325,0,0.3785351231591295,9.361944480646422,4.870239801902776,0,1,2,7673,Feb
2018-2,Manhattan,2.6985792169172313,1.3401619031885015,0.17181562861391045,0.6616388567652404,9.476044936395176,5.068841896580208,0,1,2,6053,Feb
2018-2,Queens,2.2376774193548385,0.6038709677419355,0,1.219225806451613,9.954064516129032,5.586645161290322,0,4,2,775,Feb
2018-2,Staten Island,2.2338509316770185,0.2826086956521739,0,0.94472049689441,9.903105590062111,5.423913043478261,0,5,2,322,Feb
2018-3,Bronx,2.074880464480874,2.57599043715847,8.89344262295082,1.2818647540983608,7.95046106557377,4.616162909836065,0,2,3,5856,Mar
2018-3,Brooklyn,2.6317297441364604,3.7158848614072495,6.187366737739873,1.235181236673774,7.959141791044776,4.597161513859275,0,1,3,7504,Mar
2018-3,Manhattan,3.278245429435749,3.4399579113507825,10.402472708141524,1.2337103774825726,7.702406944627121,4.468058661054847,0,1,3,7603,Mar
2018-3,Queens,3.7974972796517954,0.07616974972796518,8.23721436343852,1.3467899891186073,8.254406964091404,4.800598476605005,0,4,3,919,Mar
2018-3,Staten Island,2.3097560975609754,1.3170731707317074,6.260162601626016,1.9833333333333334,9.046747967479675,5.515040650406505,0,5,3,246,Mar
2018-4,Bronx,2.054140127388535,0.1019108280254777,0.09463148316651501,5.393248407643312,13.218562329390355,9.305905368516834,0,2,4,5495,Apr
2018-4,Brooklyn,4.167736185383244,1.1408199643493762,1.0593328240387063,5.268729309905781,13.393939393939394,9.331334351922587,0,1,4,7854,Apr
2018-4,Manhattan,5.112544508353875,4.160503971514653,3.863325116406464,5.635332785538209,13.54506984387839,9.590201314708299,0,1,4,7302,Apr
2018-4,Queens,1.5546546546546547,3.2232232232232234,2.992992992992993,5.370770770770771,13.920720720720722,9.645745745745746,0,4,4,999,Apr
2018-4,Staten Island,2.7727941176470585,1.0294117647058822,0.9558823529411765,6.090808823529412,14.103676470588235,10.097242647058824,0,5,4,272,Apr
2018-5,Bronx,2.2942555476020043,0,0,14.915909090909091,25.462974230493916,20.189441660701505,0,2,5,5588,May
2018-5,Brooklyn,2.4694421199442123,0,0,14.958995815899582,25.531436541143655,20.24521617852162,0,1,5,7170,May
2018-5,Manhattan,2.606826735885788,0,0,15.301713173264114,25.62584036340039,20.463776768332252,0,1,5,7705,May
2018-5,Queens,2.6681243926141884,0,0,14.625072886297376,24.93022351797862,19.777648202138,0,4,5,1029,May
2018-5,Staten Island,1.8055944055944055,0,0,15.384615384615385,24.86876456876457,20.126689976689978,0,5,5,429,May
2018-6,Bronx,2.595921119163998,0,0,17.673285016012134,26.29944378897691,21.986364402494523,0,2,6,5933,Jun
2018-6,Brooklyn,2.5704888993859236,0,0,16.966521020311763,25.6471539914974,21.306837505904582,0,1,6,8468,Jun
2018-6,Manhattan,2.511359559966519,0,0,17.554250866913787,26.168037785483676,21.861144326198733,0,1,6,8363,Jun
2018-6,Queens,4.08356290174472,0,0,17.755463728191,26.345913682277317,22.05068870523416,0,4,6,1089,Jun
2018-6,Staten Island,3.182127659574468,0,0,17.588297872340426,25.860212765957446,21.724255319148938,0,5,6,470,Jun
2018-7,Bronx,4.982660770222959,0,0,21.58509305325226,29.752294085129908,25.668693569191085,0,2,7,5427,Jul
2018-7,Brooklyn,5.832740315638451,0,0,21.310616929698707,29.66296987087518,25.486793400286942,0,1,7,6970,Jul
2018-7,Manhattan,5.007045153699074,0,0,21.603529930872188,29.724547727607,25.664038829239594,0,1,7,6799,Jul
2018-7,Queens,6.714991482112436,0,0,21.254003407155025,29.481090289608176,25.3675468483816,0,4,7,1174,Jul
2018-7,Staten Island,4.990136054421769,0,0,20.928571428571427,29.193537414965988,25.06105442176871,0,5,7,294,Jul
2018-8,Bronx,5.7951693503609105,0,0,22.398611882287618,29.193337034980566,25.795974458634092,0,2,8,5403,Aug
2018-8,Brooklyn,5.243084070133373,0,0,22.729686797542335,29.598531395174586,26.16410909635846,0,1,8,6673,Aug
2018-8,Manhattan,5.631194093426097,0,0,22.602655118557433,29.328922334232573,25.965788726395004,0,1,8,7043,Aug
2018-8,Queens,6.007914262159934,0,0,22.594888705688376,29.433553173948887,26.01422093981863,0,4,8,1213,Aug
2018-8,Staten Island,5.909597523219814,0,0,22.240247678018576,29.264396284829722,25.75232198142415,0,5,8,323,Aug
2018-9,Bronx,6.356551310262052,0,0,19.64092818563713,25.518223644728945,22.579575915183035,0,2,9,4999,Sep
2018-9,Brooklyn,6.833849893649346,0,0,19.201200243087207,25.002066241264053,22.10163324217563,0,1,9,6582,Sep
2018-9,Manhattan,6.091826352382568,0,0,19.37622519925386,25.204307274885533,22.290266237069694,0,1,9,5897,Sep
2018-9,Queens,8.395023041474655,0,0,18.65585253456221,24.417603686635946,21.53672811059908,0,4,9,1085,Sep
2018-9,Staten Island,3.847553816046967,0,0,18.578864970645792,24.436594911937377,21.507729941291586,0,5,9,511,Sep
2019-1,Bronx,1.5725720164609054,0.901440329218107,1.0925925925925926,-2.545843621399177,3.9403909465020575,0.6972736625514402,0,2,1,4860,Jan
2019-1,Brooklyn,1.7277398160315374,0.8609724047306176,1.257555847568988,-2.478869908015769,3.950275952693824,0.7357030223390275,0,1,1,7610,Jan
2019-1,Manhattan,2.3488185975609754,0.9632876016260162,1.1852134146341464,-2.588554369918699,4.195439532520325,0.803442581300813,0,1,1,7872,Jan
2019-1,Queens,3.1823346303501943,1.648249027237354,2.007782101167315,-3.985291828793774,3.7678599221789884,-0.10871595330739292,0,4,1,1285,Jan
2019-1,Staten Island,0.6839805825242719,0.4854368932038835,0,-2.6553398058252426,3.749029126213592,0.5468446601941748,0,5,1,206,Jan
2019-10,Bronx,5.307294952681388,0,0,12.44169952681388,19.47890378548896,15.960301656151419,0,2,10,5072,Oct
2019-10,Brooklyn,4.325747362250879,0,0,12.580011723329426,19.855934935521688,16.217973329425558,0,1,10,6824,Oct
2019-10,Manhattan,4.143468568880963,0,0,12.90938475256353,20.055394560855998,16.482389656709763,0,1,10,4486,Oct
2019-10,Queens,3.796080508474576,0,0,12.632415254237287,19.51864406779661,16.07552966101695,0,4,10,944,Oct
2019-10,Staten Island,5.545121951219512,0,0,12.142073170731708,19.392682926829266,15.767378048780486,0,5,10,328,Oct
2019-11,Bronx,1.3277878866649337,0,0,2.889446321809202,11.314686768910839,7.102066545360021,0,2,11,3847,Nov
2019-11,Brooklyn,1.408038630876296,0,0,3.072347677886664,11.134540548217583,7.103444113052124,0,1,11,7041,Nov
2019-11,Manhattan,1.4485964027567657,0,0,2.724457892082703,10.864363758614893,6.794410825348798,0,1,11,5949,Nov
2019-11,Queens,1.5010406811731314,0,0,2.742573320719016,11.144370860927152,6.943472090823084,0,4,11,1057,Nov
2019-11,Staten Island,1.390557939914163,0,0,2.65793991416309,10.665236051502145,6.661587982832618,0,5,11,466,Nov
2019-12,Bronx,5.001093322920734,3.7087075361187036,2.6064037485357283,0.42295978133541584,5.768254588051542,3.095607184693479,0,2,12,5122,Dec
2019-12,Brooklyn,5.194933130368598,2.7401326519517233,1.122105034250299,0.4424268783298902,5.922844405784495,3.1826356420571926,0,1,12,9197,Dec
2019-12,Manhattan,6.964366601238109,3.6717499622527554,1.7756303789823342,0.2191152045900649,5.655080779103126,2.9370979918465956,0,1,12,6623,Dec
2019-12,Queens,6.869747899159663,2.8515406162464987,2.26890756302521,0.7609710550887021,6.144724556489263,3.4528478057889824,0,4,12,1071,Dec
2019-12,Staten Island,3.922814498933902,2.2494669509594885,0.8315565031982942,2.2396588486140723,7.170149253731343,4.704904051172708,0,5,12,469,Dec
2019-2,Bronx,2.422849162011173,2.3201117318435753,2.636871508379888,-0.6271135940409683,6.39147113594041,2.882178770949721,0,2,2,5370,Feb
2019-2,Brooklyn,2.792468066363236,2.1485831742769053,3.5941858757891647,0.03278520041109966,7.199955953604463,3.6163705770077814,0,1,2,6811,Feb
2019-2,Manhattan,2.9044282321004413,2.945028842891076,3.7563624024431626,-0.5181201221581271,6.357159823549372,2.9195198506956226,0,1,2,5894,Feb
2019-2,Queens,2.1978850574712645,1.5406896551724139,2.4275862068965517,0.2052413793103448,7.898344827586207,4.051793103448276,0,4,2,2175,Feb
2019-2,Staten Island,2.261674008810573,1.2026431718061674,1.1894273127753303,-0.8889867841409692,6.307488986784141,2.709251101321586,0,5,2,227,Feb
2019-3,Bronx,2.047822014051522,2.860733801717408,8.19672131147541,0.8133957845433255,8.40304449648712,4.608220140515223,0,2,3,6405,Mar
2019-3,Brooklyn,2.357850862167409,1.29222336416581,5.323741007194244,1.844729930341441,9.466689505538426,5.655709717939933,0,1,3,8757,Mar
2019-3,Manhattan,2.4282220131702728,1.5097433140706895,7.326972181158447,1.1416073108453164,8.80331944631098,4.972463378578148,0,1,3,7441,Mar
2019-3,Queens,2.2239017125837677,4.143708116157856,12.010424422933731,0.6356664184661206,8.1132539091586,4.37446016381236,0,4,3,1343,Mar
2019-3,Staten Island,2.950980392156863,4.411764705882353,6.2745098039215685,1.594607843137255,8.941666666666666,5.26813725490196,0,5,3,204,Mar
2019-4,Bronx,3.9642489100277447,0,0,8.017148896815959,16.83752146915048,12.42733518298322,0,2,4,7569,Apr
2019-4,Brooklyn,3.861612090680101,0,0,7.341221662468514,16.39904282115869,11.870132241813602,0,1,4,7940,Apr
2019-4,Manhattan,4.418330201972757,0,0,7.76358619069986,16.748085955847817,12.255836073273837,0,1,4,8516,Apr
2019-4,Queens,3.5516104294478525,0,0,7.660506134969325,16.573696319018406,12.117101226993865,0,4,4,1304,Apr
2019-4,Staten Island,3.854121863799283,0,0,7.504838709677419,16.277598566308242,11.89121863799283,0,5,4,558,Apr
2019-5,Bronx,4.121298458664175,0,0,12.00042036431574,20.511957029425503,16.256188696870623,0,2,5,6423,May
2019-5,Brooklyn,3.876085614323935,0,0,12.229327022020993,20.843753858818687,16.53654044041984,0,1,5,4859,May
2019-5,Manhattan,4.7787398259893346,0,0,12.39093460566938,20.863738422677518,16.62733651417345,0,1,5,7126,May
2019-5,Queens,4.653305785123967,0,0,12.384380165289256,21.098595041322316,16.741487603305785,0,4,5,1210,May
2019-5,Staten Island,4.267481203007518,0,0,11.30733082706767,19.396804511278194,15.352067669172932,0,5,5,532,May
2019-6,Bronx,5.06149555876885,0,0,18.083474488741995,25.781801280727123,21.93263788473456,0,2,6,4841,Jun
2019-6,Brooklyn,4.725236039924467,0,0,18.00980577286215,25.67475047207985,21.842278122471,0,1,6,7414,Jun
2019-6,Manhattan,5.179435973552827,0,0,17.754054783430036,25.04541897179868,21.39973687761436,0,1,6,7411,Jun
2019-6,Queens,6.024608294930876,0,0,17.89741935483871,25.335023041474656,21.616221198156683,0,4,6,1085,Jun
2019-6,Staten Island,5.332156862745098,0,0,17.965098039215686,25.24627450980392,21.605686274509804,0,5,6,255,Jun
2019-7,Bronx,4.474848222029489,0,0,21.64468777103209,30.105138768430184,25.874913269731138,0,2,7,4612,Jul
2019-7,Brooklyn,4.710912019327562,0,0,21.727118985303,30.273585665391586,26.000352325347293,0,1,7,4967,Jul
2019-7,Manhattan,6.238170347003154,0,0,21.715012061606977,30.337446650584525,26.02622935609575,0,1,7,5389,Jul
2019-7,Queens,8.241478599221791,0,0,21.749416342412452,30.312996108949417,26.031206225680933,0,4,7,1285,Jul
2019-7,Staten Island,7.474691358024692,0,0,21.614814814814814,30.058024691358025,25.836419753086417,0,5,7,324,Jul
2019-8,Bronx,3.678768382352941,0,0,20.641654411764705,28.25779411764706,24.449724264705882,0,2,8,5440,Aug
2019-8,Brooklyn,2.9577752180352146,0,0,20.610811255553728,28.33959190389995,24.47520157972684,0,1,8,6077,Aug
2019-8,Manhattan,2.7307114228456912,0,0,20.38244822979292,27.780828323313294,24.081638276553107,0,1,8,5988,Aug
2019-8,Queens,2.2632911392405064,0,0,20.262278481012657,27.848270042194095,24.055274261603376,0,4,8,1185,Aug
2019-8,Staten Island,1.976320939334638,0,0,20.069471624266146,27.867123287671234,23.96829745596869,0,5,8,511,Aug
2019-9,Bronx,0.7386648394675019,0,0,16.629698512137825,25.191718872357086,20.910708692247454,0,2,9,5108,Sep
2019-9,Brooklyn,0.8368258859784283,0,0,16.68665896250642,25.29128145865434,20.98897021058038,0,1,9,7788,Sep
2019-9,Manhattan,0.8252707581227436,0,0,16.916891506745202,25.152783583507507,21.034837545126354,0,1,9,5263,Sep
2019-9,Queens,0.9887211367673179,0,0,16.8759325044405,25.02868561278863,20.952309058614567,0,4,9,1126,Sep
2019-9,Staten Island,0.7687830687830688,0,0,16.743386243386244,25.48994708994709,21.116666666666667,0,5,9,189,Sep
2020-1,Bronx,0.7033846153846154,0.796923076923077,0,0.8771076923076924,7.0352,3.956153846153846,1,2,1,1625,Jan
2020-1,Brooklyn,0.5759549658222758,0.5146763168476075,0,0.8648170486529956,6.942541214314435,3.9036791314837154,1,1,1,2487,Jan
2020-1,Manhattan,0.9819245082402976,0.5396065922381712,0,1.4732589048378522,7.385007974481659,4.429133439659756,1,1,1,1881,Jan
2020-1,Queens,0.7995495495495495,0.5968468468468469,0,1.0468468468468468,6.778153153153153,3.9124999999999996,1,4,1,444,Jan
2020-1,Staten Island,0.9210526315789473,2.138157894736842,0,0.8539473684210527,7.997368421052632,4.425657894736842,1,5,1,152,Jan
2020-10,Bronx,1.255275590551181,0,0,12.081417322834646,18.23496062992126,15.158188976377954,1,2,10,635,Oct
2020-10,Brooklyn,2.545997973657548,0,0,11.502735562310031,17.81550151975684,14.659118541033436,1,1,10,987,Oct
2020-10,Manhattan,3.8925315227934045,0,0,11.966634335596508,18.142580019398643,15.054607177497576,1,1,10,1031,Oct
2020-10,Queens,3.176086956521739,0,0,11.815942028985507,17.597826086956523,14.706884057971015,1,4,10,138,Oct
2020-10,Staten Island,5.4,0,0,11.397142857142857,17.928571428571427,14.662857142857142,1,5,10,105,Oct
2020-11,Bronx,2.3049999999999997,0,0,8.158837209302325,15.817093023255813,11.987965116279069,1,2,11,860,Nov
2020-11,Brooklyn,1.698478783026421,0,0,8.265012009607686,16.00400320256205,12.134507606084867,1,1,11,1249,Nov
2020-11,Manhattan,2.109083119108826,0,0,6.9245929734361615,14.941816623821765,10.933204798628964,1,1,11,1167,Nov
2020-11,Queens,2.2197044334975367,0,0,7.715270935960591,15.609852216748768,11.66256157635468,1,4,11,203,Nov
2020-11,Staten Island,2.3367924528301884,0,0,6.716981132075472,13.943396226415095,10.330188679245284,1,5,11,106,Nov
2020-12,Bronx,2.2776173285198555,10.324909747292418,6.185318892900121,1.9300842358604091,8.42647412755716,5.178279181708785,1,2,12,831,Dec
2020-12,Brooklyn,2.6278318810866224,10.40235776524859,9.579702716555612,1.5941055868785239,8.03388006150692,4.813992824192722,1,1,12,1951,Dec
2020-12,Manhattan,2.9153103448275863,14.337931034482759,14.296551724137931,1.5182068965517241,7.835034482758621,4.676620689655173,1,1,12,1450,Dec
2020-12,Queens,2.434035087719298,11,11.543859649122806,2.0926315789473686,8.919649122807018,5.506140350877193,1,4,12,285,Dec
2020-12,Staten Island,2.258904109589041,8.287671232876713,6.894977168949771,1.819178082191781,8.446575342465753,5.132876712328767,1,5,12,219,Dec
2020-2,Bronx,2.8886047172492186,0,0,1.7770389315146347,8.744501278772379,5.260770105143507,1,2,2,3519,Feb
2020-2,Brooklyn,3.0622400631745195,0,0,1.7729139247170307,8.674164253750988,5.223539089234009,1,1,2,7598,Feb
2020-2,Manhattan,3.8748625534514356,0,0,1.33811850946854,8.055375687232743,4.696747098350642,1,1,2,3274,Feb
2020-2,Queens,2.7201379310344826,0,0,1.5217931034482757,8.588413793103449,5.0551034482758626,1,4,2,725,Feb
2020-2,Staten Island,3.043617021276596,0,0,1.627659574468085,8.890780141843972,5.259219858156029,1,5,2,282,Feb
2020-3,Bronx,2.2,0,0,6.7384944920440635,14.48359853121175,10.611046511627908,1,2,3,1634,Mar
2020-3,Brooklyn,2.3634889753566797,0,0,6.3549935149156935,13.910138348465196,10.132565931690445,1,1,3,4626,Mar
2020-3,Manhattan,1.8142550911039657,0,0,5.932833154698106,13.4319042515184,9.682368703108253,1,1,3,2799,Mar
2020-3,Queens,1.94508276533593,0,0,6.975851996105161,14.0634858812074,10.519668938656281,1,4,3,1027,Mar
2020-3,Staten Island,2.148031496062992,0,0,4.90236220472441,13.55984251968504,9.231102362204725,1,5,3,254,Mar
2020-4,Bronx,0,0,0,3.3,10,6.65,1,2,4,1,Apr
2020-4,Manhattan,2.6999999999999997,0,0,6.1,13.600000000000001,9.850000000000001,1,1,4,2,Apr
2020-5,Bronx,0.3566125290023202,0,0,12.50429234338747,22.77308584686775,17.63868909512761,1,2,5,862,May
2020-5,Brooklyn,0.38114186851211074,0,0,12.70242214532872,23.31401384083045,18.008217993079587,1,1,5,578,May
2020-5,Manhattan,0.2977542932628798,0,0,11.156274768824305,21.528533685601058,16.342404227212683,1,1,5,757,May
2020-5,Queens,0.4375,0,0,13.95,23.9125,18.93125,1,4,5,16,May
2020-5,Staten Island,0.2,0,0,10.125,20.95,15.5375,1,5,5,4,May
2020-6,Bronx,1.9012768427161926,0,0,18.55623911781776,27.575856065002903,23.06604759141033,1,2,6,1723,Jun
2020-6,Brooklyn,0.951969504447268,0,0,18.831448538754767,27.638627700127063,23.235038119440915,1,1,6,1574,Jun
2020-6,Manhattan,1.4783001808318263,0,0,19.201567209162146,28.05304400241109,23.627305605786617,1,1,6,1659,Jun
2020-6,Queens,1.6717948717948719,0,0,18.734615384615385,27.91923076923077,23.326923076923077,1,4,6,78,Jun
2020-6,Staten Island,4.3999999999999995,0,0,19.768493150684932,27.28013698630137,23.524315068493152,1,5,6,146,Jun
2020-7,Bronx,7.114790174002047,0,0,22.840992835209825,30.673285568065506,26.757139201637663,1,2,7,1954,Jul
2020-7,Brooklyn,7.258055443953395,0,0,22.794937725994377,30.314142225793493,26.554539975893935,1,1,7,2489,Jul
2020-7,Manhattan,5.857133838383838,0,0,22.928472222222222,30.721338383838383,26.824905303030302,1,1,7,1584,Jul
2020-7,Queens,4.160975609756098,0,0,22.73693379790941,30.488850174216026,26.612891986062717,1,4,7,287,Jul
2020-7,Staten Island,12,0,0,23.817543859649124,31.859649122807017,27.83859649122807,1,5,7,57,Jul
2020-8,Bronx,5.347501032631144,0,0,20.96303180503924,28.95551425030979,24.959273027674513,1,2,8,2421,Aug
2020-8,Brooklyn,7.493284789644013,0,0,20.72026699029126,29.06395631067961,24.892111650485436,1,1,8,2472,Aug
2020-8,Manhattan,5.872413793103449,0,0,20.46473354231975,28.85485893416928,24.659796238244514,1,1,8,1276,Aug
2020-8,Queens,6.873529411764706,0,0,21.019411764705882,29.49970588235294,25.25955882352941,1,4,8,340,Aug
2020-8,Staten Island,5.105882352941176,0,0,21.29579831932773,29.263865546218486,25.279831932773106,1,5,8,119,Aug
2020-9,Bronx,2.78356940509915,0,0,16.5949716713881,24.343484419263454,20.469228045325778,1,2,9,1412,Sep
2020-9,Brooklyn,2.8537463126843656,0,0,16.23230088495575,23.93787610619469,20.08508849557522,1,1,9,3390,Sep
2020-9,Manhattan,2.9234248788368338,0,0,16.03529886914378,23.745234248788368,19.890266558966076,1,1,9,2476,Sep
2020-9,Queens,3.957920792079208,0,0,16.312376237623763,23.86980198019802,20.091089108910893,1,4,9,404,Sep
2020-9,Staten Island,1.613793103448276,0,0,14.385517241379311,23.344827586206897,18.865172413793104,1,5,9,145,Sep
2021-1,Bronx,1.0113128491620111,0.1340782122905028,0,-0.4872905027932962,4.783379888268156,2.1480446927374297,1,2,1,716,Jan
2021-1,Brooklyn,0.9554678692220969,0.43799323562570464,0,-0.5428410372040586,4.8228297632469,2.1399943630214207,1,1,1,1774,Jan
2021-1,Manhattan,0.5721980886185924,0.2554300608166811,0,-0.5366637706342311,4.9337966985230235,2.1985664639443963,1,1,1,1151,Jan
2021-1,Queens,0.9505016722408026,0.2608695652173913,0,-0.7581939799331104,4.2842809364548495,1.7630434782608695,1,4,1,299,Jan
2021-1,Staten Island,0.5508771929824561,0.21052631578947367,0,-0.9175438596491229,4.28187134502924,1.6821637426900584,1,5,1,171,Jan
2021-10,Bronx,1.517103448275862,0,0,13.578482758620689,20.252137931034483,16.915310344827585,1,2,10,725,Oct
2021-10,Brooklyn,2.3125,0,0,13.004396551724138,19.985948275862068,16.495172413793103,1,1,10,1160,Oct
2021-10,Manhattan,1.3450871080139373,0,0,13.645226480836238,20.20313588850174,16.92418118466899,1,1,10,1435,Oct
2021-10,Queens,2.8539007092198583,0,0,12.145390070921986,18.631914893617022,15.388652482269503,1,4,10,141,Oct
2021-10,Staten Island,2.3347826086956522,0,0,11.906521739130435,18.339130434782607,15.122826086956522,1,5,10,46,Oct
2021-11,Bronx,0.8391058823529411,0,0,4.087623529411765,11.726023529411766,7.906823529411765,1,2,11,2125,Nov
2021-11,Brooklyn,0.7759351988217967,0,0,3.7845360824742267,11.375964653902798,7.580250368188512,1,1,11,3395,Nov
2021-11,Manhattan,1.073053341508277,0,0,4.092366646229308,11.700245248313918,7.896305947271612,1,1,11,3262,Nov
2021-11,Queens,0.8675830469644902,0,0,4.106414662084765,11.856930126002291,7.981672394043528,1,4,11,873,Nov
2021-11,Staten Island,1.2536842105263157,0,0,4.42421052631579,11.91157894736842,8.167894736842104,1,5,11,190,Nov
2021-12,Bronx,0.9296715131933225,0,0,4.416908992999462,10.628056004308023,7.522482498653742,1,2,12,1857,Dec
2021-12,Brooklyn,1.0686813186813187,0,0,3.9463064713064715,9.886507936507936,6.9164072039072035,1,1,12,3276,Dec
2021-12,Manhattan,0.703339517625232,0,0,4.748051948051948,11.041558441558442,7.894805194805195,1,1,12,3234,Dec
2021-12,Queens,0.959485224022879,0,0,5.069208770257388,10.580838894184938,7.825023832221163,1,4,12,1049,Dec
2021-12,Staten Island,1.3109004739336492,0,0,3.69478672985782,8.838862559241706,6.266824644549763,1,5,12,211,Dec
2021-2,Bronx,4.801030927835051,5.243986254295533,141.39175257731958,-1.068384879725086,4.706872852233677,1.8192439862542957,1,2,2,582,Feb
2021-2,Brooklyn,4.177101096224117,4.266747868453106,124.56760048721073,-0.6355663824604141,5.356881851400731,2.3606577344701583,1,1,2,821,Feb
2021-2,Manhattan,3.1054108216432867,3.6783567134268536,150.9118236472946,-0.914128256513026,4.90751503006012,1.996693386773547,1,1,2,998,Feb
2021-2,Queens,4.4696629213483146,2.747191011235955,156.34831460674158,-0.8174157303370787,5.3387640449438205,2.260674157303371,1,4,2,178,Feb
2021-2,Staten Island,3.176842105263158,1.1578947368421053,127.36842105263158,-0.9357894736842105,5.414736842105263,2.2394736842105263,1,5,2,95,Feb
2021-3,Bronx,5.002143522833178,0,0,4.907455731593663,14.105125815470643,9.506290773532154,1,2,3,1073,Mar
2021-3,Brooklyn,4.75158215783454,0,0,4.975066717499047,14.31223789553946,9.643652306519254,1,1,3,2623,Mar
2021-3,Manhattan,3.979727326615293,0,0,4.500652045050385,13.851333728512152,9.17599288678127,1,1,3,1687,Mar
2021-3,Queens,5.494952681388012,0,0,4.777917981072555,13.870977917981072,9.324447949526814,1,4,3,317,Mar
2021-3,Staten Island,2.4436842105263157,0,0,3.991578947368421,13.361578947368422,8.676578947368421,1,5,3,190,Mar
2021-4,Bronx,2.141542288557214,0,0,7.175497512437811,18.00192786069652,12.588712686567165,1,2,4,1608,Apr
2021-4,Brooklyn,1.7088661551577153,0,0,7.05694799658994,17.462858766695085,12.259903381642513,1,1,4,3519,Apr
2021-4,Manhattan,2.04185733512786,0,0,7.289457155675191,17.759039928218932,12.524248541947061,1,1,4,2229,Apr
2021-4,Queens,2.694855305466238,0,0,6.92508038585209,16.815112540192928,11.87009646302251,1,4,4,311,Apr
2021-4,Staten Island,1.8904306220095695,0,0,6.730143540669856,16.791387559808612,11.760765550239235,1,5,4,209,Apr
2021-5,Bronx,3.2873421123353936,0,0,12.506369255576459,22.524348293469497,17.51535877452298,1,2,5,3721,May
2021-5,Brooklyn,2.9865833333333334,0,0,12.834277777777778,22.772833333333335,17.803555555555555,1,1,5,3600,May
2021-5,Manhattan,2.547928235796668,0,0,12.640837249038873,22.938530542503205,17.789683895771038,1,1,5,2341,May
2021-5,Queens,3.1230576441102755,0,0,13.306265664160401,23.46641604010025,18.386340852130324,1,4,5,399,May
2021-5,Staten Island,2.7517073170731705,0,0,12.729268292682926,22.462439024390243,17.595853658536583,1,5,5,205,May
2021-6,Bronx,2.69362922705314,0,0,18.916878019323672,27.876177536231886,23.396527777777777,1,2,6,3312,Jun
2021-6,Brooklyn,2.5368901806103383,0,0,18.520842848245795,27.444093834336723,22.98246834129126,1,1,6,4817,Jun
2021-6,Manhattan,2.706137865911237,0,0,18.891942083726786,28.08693736229147,23.489439723009127,1,1,6,3177,Jun
2021-6,Queens,2.683303730017762,0,0,18.50923623445826,27.682415630550622,23.09582593250444,1,4,6,563,Jun
2021-6,Staten Island,3.0234042553191487,0,0,18.668936170212767,28.039574468085107,23.354255319148937,1,5,6,235,Jun
2021-7,Bronx,9.301890120967743,0,0,21.375680443548386,28.991759072580646,25.183719758064516,1,2,7,3968,Jul
2021-7,Brooklyn,11.153037739042139,0,0,21.168302589270603,29.001980030462008,25.085141309866305,1,1,7,5909,Jul
2021-7,Manhattan,12.826725058748131,0,0,21.320187994018372,29.00040589617603,25.1602969450972,1,1,7,4681,Jul
2021-7,Queens,10.806553398058252,0,0,21.565169902912622,29.170631067961164,25.36790048543689,1,4,7,824,Jul
2021-7,Staten Island,10.629749103942652,0,0,21.449462365591398,29.21111111111111,25.330286738351255,1,5,7,279,Jul
2021-8,Bronx,2.3251994272857437,0,0,22.294272857435057,29.5988750255676,25.946573941501327,1,2,8,4889,Aug
2021-8,Brooklyn,2.9155493155493155,0,0,21.73657423657424,29.125728325728325,25.43115128115128,1,1,8,5698,Aug
2021-8,Manhattan,2.666114881642112,0,0,22.17199139215362,29.583992716437674,25.877992054295646,1,1,8,6041,Aug
2021-8,Queens,3.0735449735449736,0,0,22.443008314436884,29.79606953892668,26.119538926681784,1,4,8,1323,Aug
2021-8,Staten Island,4.521967963386728,0,0,22.74141876430206,30.397711670480547,26.569565217391304,1,5,8,437,Aug
2021-9,Bronx,22.55681818181818,0,0,18.057142857142857,24.833181818181817,21.44516233766234,1,2,9,1540,Sep
2021-9,Brooklyn,23.201382211538462,0,0,17.75655048076923,24.81201923076923,21.28428485576923,1,1,9,1664,Sep
2021-9,Manhattan,15.561946902654867,0,0,17.853816371681415,24.682909292035397,21.268362831858404,1,1,9,1808,Sep
2021-9,Queens,15.806140350877193,0,0,18.18201754385965,25.251535087719297,21.716776315789474,1,4,9,456,Sep
2021-9,Staten Island,14.467924528301886,0,0,17.457075471698115,24.362735849056605,20.909905660377362,1,5,9,212,Sep
